precinct,rank1,rank2,rank3
2001-06-08,writein,Robert Lilligren,skipped
2001-06-03,M. Cali,Andy Exley,Laura Jean
2001-06-04,M. Cali,Andy Exley,Laura Jean
2001-06-05,M. Cali,Andy Exley,Laura Jean
2001-06-08,M. Cali,Andy Exley,Laura Jean
2001-06-02,M. Cali,Andy Exley,Robert Lilligren
2001-06-02,M. Cali,Andy Exley,Bruce Lundeen
2001-06-02,M. Cali,Andy Exley,Bruce Lundeen
2001-06-03,M. Cali,Andy Exley,Bruce Lundeen
2001-06-03,M. Cali,Andy Exley,Bruce Lundeen
2001-06-03,M. Cali,Andy Exley,Bruce Lundeen
2001-06-02,M. Cali,Andy Exley,Michael Tupper
2001-06-06,M. Cali,Andy Exley,Michael Tupper
2001-06-06,M. Cali,Andy Exley,Michael Tupper
2001-06-06,M. Cali,Andy Exley,Michael Tupper
2001-06-06,M. Cali,Andy Exley,Michael Tupper
2001-06-06,M. Cali,Andy Exley,Michael Tupper
2001-06-06,M. Cali,Andy Exley,Michael Tupper
2001-06-06,M. Cali,Andy Exley,Michael Tupper
2001-06-06,M. Cali,Andy Exley,Michael Tupper
2001-06-04,M. Cali,Andy Exley,skipped
2001-06-05,M. Cali,Andy Exley,skipped
2001-06-01,M. Cali,Laura Jean,Andy Exley
2001-06-03,M. Cali,Laura Jean,Andy Exley
2001-06-07,M. Cali,Laura Jean,Andy Exley
2001-06-08,M. Cali,Laura Jean,Andy Exley
2001-06-08,M. Cali,Laura Jean,Andy Exley
2001-06-03,M. Cali,Laura Jean,Robert Lilligren
2001-06-07,M. Cali,Laura Jean,Robert Lilligren
2001-06-08,M. Cali,Laura Jean,Robert Lilligren
2001-06-06,M. Cali,Laura Jean,skipped
2001-06-01,M. Cali,Robert Lilligren,Andy Exley
2001-06-02,M. Cali,Robert Lilligren,Andy Exley
2001-06-02,M. Cali,Robert Lilligren,Andy Exley
2001-06-03,M. Cali,Robert Lilligren,Laura Jean
2001-06-03,M. Cali,Robert Lilligren,Laura Jean
2001-06-05,M. Cali,Robert Lilligren,Laura Jean
2001-06-08,M. Cali,Robert Lilligren,Michael Tupper
2001-06-01,M. Cali,Robert Lilligren,skipped
2001-06-02,M. Cali,Robert Lilligren,skipped
2001-06-02,M. Cali,Robert Lilligren,skipped
2001-06-03,M. Cali,Robert Lilligren,skipped
2001-06-03,M. Cali,Robert Lilligren,skipped
2001-06-03,M. Cali,Robert Lilligren,skipped
2001-06-06,M. Cali,Robert Lilligren,skipped
2001-06-07,M. Cali,Robert Lilligren,skipped
2001-06-07,M. Cali,Robert Lilligren,skipped
2001-06-07,M. Cali,Robert Lilligren,skipped
2001-06-07,M. Cali,Robert Lilligren,skipped
2001-06-08,M. Cali,Robert Lilligren,skipped
2001-06-08,M. Cali,Robert Lilligren,skipped
2001-06-08,M. Cali,Robert Lilligren,skipped
2001-06-04,M. Cali,Bruce Lundeen,Andy Exley
2001-06-04,M. Cali,Bruce Lundeen,Andy Exley
2001-06-05,M. Cali,Bruce Lundeen,Andy Exley
2001-06-08,M. Cali,Bruce Lundeen,Andy Exley
2001-06-08,M. Cali,Bruce Lundeen,Andy Exley
2001-06-03,M. Cali,Bruce Lundeen,Laura Jean
2001-06-05,M. Cali,Bruce Lundeen,skipped
2001-06-05,M. Cali,Bruce Lundeen,skipped
2001-06-07,M. Cali,Bruce Lundeen,skipped
2001-06-07,M. Cali,Bruce Lundeen,skipped
2001-06-01,M. Cali,Michael Tupper,Andy Exley
2001-06-03,M. Cali,Michael Tupper,Andy Exley
2001-06-06,M. Cali,Michael Tupper,Andy Exley
2001-06-06,M. Cali,Michael Tupper,Andy Exley
2001-06-06,M. Cali,Michael Tupper,Andy Exley
2001-06-07,M. Cali,Michael Tupper,Andy Exley
2001-06-07,M. Cali,Michael Tupper,Andy Exley
2001-06-07,M. Cali,Michael Tupper,Andy Exley
2001-06-08,M. Cali,Michael Tupper,Andy Exley
2001-06-01,M. Cali,Michael Tupper,Laura Jean
2001-06-01,M. Cali,Michael Tupper,Laura Jean
2001-06-03,M. Cali,Michael Tupper,Laura Jean
2001-06-05,M. Cali,Michael Tupper,Laura Jean
2001-06-06,M. Cali,Michael Tupper,Robert Lilligren
2001-06-07,M. Cali,Michael Tupper,Robert Lilligren
2001-06-04,M. Cali,Michael Tupper,Bruce Lundeen
2001-06-04,M. Cali,Michael Tupper,skipped
2001-06-05,M. Cali,Michael Tupper,skipped
2001-06-06,M. Cali,Michael Tupper,skipped
2001-06-07,M. Cali,Michael Tupper,skipped
2001-06-01,M. Cali,skipped,skipped
2001-06-01,M. Cali,skipped,skipped
2001-06-01,M. Cali,skipped,skipped
2001-06-01,M. Cali,skipped,skipped
2001-06-01,M. Cali,skipped,skipped
2001-06-01,M. Cali,skipped,skipped
2001-06-02,M. Cali,skipped,skipped
2001-06-02,M. Cali,skipped,skipped
2001-06-02,M. Cali,skipped,skipped
2001-06-02,M. Cali,skipped,skipped
2001-06-02,M. Cali,skipped,skipped
2001-06-02,M. Cali,skipped,skipped
2001-06-02,M. Cali,skipped,skipped
2001-06-02,M. Cali,skipped,skipped
2001-06-02,M. Cali,skipped,skipped
2001-06-02,M. Cali,skipped,skipped
2001-06-02,M. Cali,skipped,skipped
2001-06-02,M. Cali,skipped,skipped
2001-06-02,M. Cali,skipped,skipped
2001-06-02,M. Cali,skipped,skipped
2001-06-02,M. Cali,skipped,skipped
2001-06-03,M. Cali,skipped,skipped
2001-06-03,M. Cali,skipped,skipped
2001-06-03,M. Cali,skipped,skipped
2001-06-03,M. Cali,skipped,skipped
2001-06-03,M. Cali,skipped,skipped
2001-06-03,M. Cali,skipped,skipped
2001-06-03,M. Cali,skipped,skipped
2001-06-04,M. Cali,skipped,skipped
2001-06-04,M. Cali,skipped,skipped
2001-06-04,M. Cali,skipped,skipped
2001-06-04,M. Cali,skipped,skipped
2001-06-04,M. Cali,skipped,skipped
2001-06-04,M. Cali,skipped,skipped
2001-06-04,M. Cali,skipped,skipped
2001-06-04,M. Cali,skipped,skipped
2001-06-04,M. Cali,skipped,skipped
2001-06-05,M. Cali,skipped,skipped
2001-06-05,M. Cali,skipped,skipped
2001-06-05,M. Cali,skipped,skipped
2001-06-05,M. Cali,skipped,skipped
2001-06-05,M. Cali,skipped,skipped
2001-06-05,M. Cali,skipped,skipped
2001-06-05,M. Cali,skipped,skipped
2001-06-05,M. Cali,skipped,skipped
2001-06-05,M. Cali,skipped,skipped
2001-06-05,M. Cali,skipped,skipped
2001-06-05,M. Cali,skipped,skipped
2001-06-05,M. Cali,skipped,skipped
2001-06-05,M. Cali,skipped,skipped
2001-06-06,M. Cali,skipped,skipped
2001-06-06,M. Cali,skipped,skipped
2001-06-06,M. Cali,skipped,skipped
2001-06-06,M. Cali,skipped,skipped
2001-06-06,M. Cali,skipped,skipped
2001-06-06,M. Cali,skipped,skipped
2001-06-06,M. Cali,skipped,skipped
2001-06-06,M. Cali,skipped,skipped
2001-06-06,M. Cali,skipped,skipped
2001-06-06,M. Cali,skipped,skipped
2001-06-06,M. Cali,skipped,skipped
2001-06-06,M. Cali,skipped,skipped
2001-06-06,M. Cali,skipped,skipped
2001-06-06,M. Cali,skipped,skipped
2001-06-06,M. Cali,skipped,skipped
2001-06-06,M. Cali,skipped,skipped
2001-06-07,M. Cali,skipped,skipped
2001-06-07,M. Cali,skipped,skipped
2001-06-07,M. Cali,skipped,skipped
2001-06-07,M. Cali,skipped,skipped
2001-06-07,M. Cali,skipped,skipped
2001-06-07,M. Cali,skipped,skipped
2001-06-08,M. Cali,skipped,skipped
2001-06-08,M. Cali,skipped,skipped
2001-06-08,M. Cali,skipped,skipped
2001-06-08,M. Cali,skipped,skipped
2001-06-08,M. Cali,skipped,skipped
2001-06-02,Andy Exley,M. Cali,Laura Jean
2001-06-02,Andy Exley,M. Cali,Laura Jean
2001-06-04,Andy Exley,M. Cali,Laura Jean
2001-06-06,Andy Exley,M. Cali,Laura Jean
2001-06-08,Andy Exley,M. Cali,Laura Jean
2001-06-01,Andy Exley,M. Cali,Robert Lilligren
2001-06-02,Andy Exley,M. Cali,Robert Lilligren
2001-06-04,Andy Exley,M. Cali,Robert Lilligren
2001-06-02,Andy Exley,M. Cali,Bruce Lundeen
2001-06-02,Andy Exley,M. Cali,Bruce Lundeen
2001-06-02,Andy Exley,M. Cali,Bruce Lundeen
2001-06-02,Andy Exley,M. Cali,Bruce Lundeen
2001-06-02,Andy Exley,M. Cali,Bruce Lundeen
2001-06-03,Andy Exley,M. Cali,Bruce Lundeen
2001-06-03,Andy Exley,M. Cali,Bruce Lundeen
2001-06-03,Andy Exley,M. Cali,Bruce Lundeen
2001-06-06,Andy Exley,M. Cali,Bruce Lundeen
2001-06-08,Andy Exley,M. Cali,Bruce Lundeen
2001-06-02,Andy Exley,M. Cali,Michael Tupper
2001-06-06,Andy Exley,M. Cali,Michael Tupper
2001-06-02,Andy Exley,M. Cali,skipped
2001-06-06,Andy Exley,M. Cali,skipped
2001-06-02,Andy Exley,Laura Jean,M. Cali
2001-06-02,Andy Exley,Laura Jean,M. Cali
2001-06-03,Andy Exley,Laura Jean,M. Cali
2001-06-03,Andy Exley,Laura Jean,M. Cali
2001-06-04,Andy Exley,Laura Jean,M. Cali
2001-06-04,Andy Exley,Laura Jean,M. Cali
2001-06-04,Andy Exley,Laura Jean,M. Cali
2001-06-04,Andy Exley,Laura Jean,M. Cali
2001-06-05,Andy Exley,Laura Jean,M. Cali
2001-06-04,Andy Exley,Laura Jean,writein
2001-06-02,Andy Exley,Laura Jean,Robert Lilligren
2001-06-02,Andy Exley,Laura Jean,Robert Lilligren
2001-06-02,Andy Exley,Laura Jean,Robert Lilligren
2001-06-02,Andy Exley,Laura Jean,Robert Lilligren
2001-06-02,Andy Exley,Laura Jean,Robert Lilligren
2001-06-02,Andy Exley,Laura Jean,Robert Lilligren
2001-06-02,Andy Exley,Laura Jean,Robert Lilligren
2001-06-03,Andy Exley,Laura Jean,Robert Lilligren
2001-06-03,Andy Exley,Laura Jean,Robert Lilligren
2001-06-04,Andy Exley,Laura Jean,Robert Lilligren
2001-06-06,Andy Exley,Laura Jean,Robert Lilligren
2001-06-02,Andy Exley,Laura Jean,Bruce Lundeen
2001-06-02,Andy Exley,Laura Jean,Bruce Lundeen
2001-06-03,Andy Exley,Laura Jean,Bruce Lundeen
2001-06-03,Andy Exley,Laura Jean,Bruce Lundeen
2001-06-03,Andy Exley,Laura Jean,Bruce Lundeen
2001-06-08,Andy Exley,Laura Jean,Bruce Lundeen
2001-06-08,Andy Exley,Laura Jean,Bruce Lundeen
2001-06-02,Andy Exley,Laura Jean,Michael Tupper
2001-06-02,Andy Exley,Laura Jean,Michael Tupper
2001-06-03,Andy Exley,Laura Jean,Michael Tupper
2001-06-03,Andy Exley,Laura Jean,Michael Tupper
2001-06-04,Andy Exley,Laura Jean,Michael Tupper
2001-06-04,Andy Exley,Laura Jean,Michael Tupper
2001-06-04,Andy Exley,Laura Jean,Michael Tupper
2001-06-02,Andy Exley,Laura Jean,skipped
2001-06-02,Andy Exley,Laura Jean,skipped
2001-06-02,Andy Exley,Laura Jean,skipped
2001-06-02,Andy Exley,Laura Jean,skipped
2001-06-02,Andy Exley,Laura Jean,skipped
2001-06-02,Andy Exley,Laura Jean,skipped
2001-06-04,Andy Exley,Laura Jean,skipped
2001-06-04,Andy Exley,Laura Jean,skipped
2001-06-01,Andy Exley,Robert Lilligren,M. Cali
2001-06-02,Andy Exley,Robert Lilligren,M. Cali
2001-06-02,Andy Exley,Robert Lilligren,M. Cali
2001-06-02,Andy Exley,Robert Lilligren,Laura Jean
2001-06-02,Andy Exley,Robert Lilligren,Laura Jean
2001-06-02,Andy Exley,Robert Lilligren,Laura Jean
2001-06-02,Andy Exley,Robert Lilligren,Laura Jean
2001-06-02,Andy Exley,Robert Lilligren,Laura Jean
2001-06-02,Andy Exley,Robert Lilligren,Laura Jean
2001-06-02,Andy Exley,Robert Lilligren,Laura Jean
2001-06-02,Andy Exley,Robert Lilligren,Laura Jean
2001-06-03,Andy Exley,Robert Lilligren,Laura Jean
2001-06-03,Andy Exley,Robert Lilligren,Laura Jean
2001-06-03,Andy Exley,Robert Lilligren,Laura Jean
2001-06-04,Andy Exley,Robert Lilligren,Laura Jean
2001-06-04,Andy Exley,Robert Lilligren,Laura Jean
2001-06-04,Andy Exley,Robert Lilligren,Laura Jean
2001-06-04,Andy Exley,Robert Lilligren,Laura Jean
2001-06-04,Andy Exley,Robert Lilligren,Laura Jean
2001-06-04,Andy Exley,Robert Lilligren,Laura Jean
2001-06-04,Andy Exley,Robert Lilligren,Laura Jean
2001-06-02,Andy Exley,Robert Lilligren,Bruce Lundeen
2001-06-02,Andy Exley,Robert Lilligren,Bruce Lundeen
2001-06-02,Andy Exley,Robert Lilligren,Bruce Lundeen
2001-06-06,Andy Exley,Robert Lilligren,Bruce Lundeen
2001-06-01,Andy Exley,Robert Lilligren,Michael Tupper
2001-06-02,Andy Exley,Robert Lilligren,Michael Tupper
2001-06-04,Andy Exley,Robert Lilligren,Michael Tupper
2001-06-04,Andy Exley,Robert Lilligren,Michael Tupper
2001-06-02,Andy Exley,Robert Lilligren,skipped
2001-06-02,Andy Exley,Robert Lilligren,skipped
2001-06-02,Andy Exley,Robert Lilligren,skipped
2001-06-02,Andy Exley,Robert Lilligren,skipped
2001-06-02,Andy Exley,Robert Lilligren,skipped
2001-06-02,Andy Exley,Robert Lilligren,skipped
2001-06-02,Andy Exley,Robert Lilligren,skipped
2001-06-02,Andy Exley,Robert Lilligren,skipped
2001-06-02,Andy Exley,Robert Lilligren,skipped
2001-06-03,Andy Exley,Robert Lilligren,skipped
2001-06-04,Andy Exley,Robert Lilligren,skipped
2001-06-05,Andy Exley,Robert Lilligren,skipped
2001-06-05,Andy Exley,Robert Lilligren,skipped
2001-06-02,Andy Exley,Bruce Lundeen,M. Cali
2001-06-02,Andy Exley,Bruce Lundeen,M. Cali
2001-06-02,Andy Exley,Bruce Lundeen,M. Cali
2001-06-04,Andy Exley,Bruce Lundeen,M. Cali
2001-06-04,Andy Exley,Bruce Lundeen,M. Cali
2001-06-04,Andy Exley,Bruce Lundeen,M. Cali
2001-06-02,Andy Exley,Bruce Lundeen,Laura Jean
2001-06-02,Andy Exley,Bruce Lundeen,Laura Jean
2001-06-02,Andy Exley,Bruce Lundeen,Laura Jean
2001-06-02,Andy Exley,Bruce Lundeen,Robert Lilligren
2001-06-04,Andy Exley,Bruce Lundeen,Robert Lilligren
2001-06-04,Andy Exley,Bruce Lundeen,Robert Lilligren
2001-06-04,Andy Exley,Bruce Lundeen,Robert Lilligren
2001-06-05,Andy Exley,Bruce Lundeen,Robert Lilligren
2001-06-01,Andy Exley,Michael Tupper,M. Cali
2001-06-02,Andy Exley,Michael Tupper,M. Cali
2001-06-02,Andy Exley,Michael Tupper,M. Cali
2001-06-02,Andy Exley,Michael Tupper,M. Cali
2001-06-02,Andy Exley,Michael Tupper,M. Cali
2001-06-02,Andy Exley,Michael Tupper,M. Cali
2001-06-04,Andy Exley,Michael Tupper,M. Cali
2001-06-04,Andy Exley,Michael Tupper,M. Cali
2001-06-04,Andy Exley,Michael Tupper,M. Cali
2001-06-07,Andy Exley,Michael Tupper,M. Cali
2001-06-02,Andy Exley,Michael Tupper,Laura Jean
2001-06-02,Andy Exley,Michael Tupper,Laura Jean
2001-06-02,Andy Exley,Michael Tupper,Laura Jean
2001-06-03,Andy Exley,Michael Tupper,Laura Jean
2001-06-04,Andy Exley,Michael Tupper,Laura Jean
2001-06-04,Andy Exley,Michael Tupper,Robert Lilligren
2001-06-04,Andy Exley,Michael Tupper,Robert Lilligren
2001-06-08,Andy Exley,Michael Tupper,Robert Lilligren
2001-06-02,Andy Exley,Michael Tupper,Bruce Lundeen
2001-06-02,Andy Exley,Michael Tupper,Bruce Lundeen
2001-06-02,Andy Exley,Michael Tupper,Bruce Lundeen
2001-06-04,Andy Exley,Michael Tupper,Bruce Lundeen
2001-06-08,Andy Exley,Michael Tupper,Bruce Lundeen
2001-06-03,Andy Exley,Michael Tupper,skipped
2001-06-03,Andy Exley,Michael Tupper,skipped
2001-06-01,Andy Exley,skipped,skipped
2001-06-02,Andy Exley,skipped,skipped
2001-06-02,Andy Exley,skipped,skipped
2001-06-02,Andy Exley,skipped,skipped
2001-06-02,Andy Exley,skipped,skipped
2001-06-02,Andy Exley,skipped,skipped
2001-06-03,Andy Exley,skipped,skipped
2001-06-03,Andy Exley,skipped,skipped
2001-06-03,Andy Exley,skipped,skipped
2001-06-03,Andy Exley,skipped,skipped
2001-06-04,Andy Exley,skipped,skipped
2001-06-04,Andy Exley,skipped,skipped
2001-06-05,Andy Exley,skipped,skipped
2001-06-06,Andy Exley,skipped,skipped
2001-06-06,Andy Exley,skipped,skipped
2001-06-06,Andy Exley,skipped,skipped
2001-06-07,Andy Exley,skipped,skipped
2001-06-07,Andy Exley,skipped,skipped
2001-06-08,Andy Exley,skipped,skipped
2001-06-02,Laura Jean,M. Cali,Andy Exley
2001-06-03,Laura Jean,M. Cali,Andy Exley
2001-06-03,Laura Jean,M. Cali,Andy Exley
2001-06-04,Laura Jean,M. Cali,Andy Exley
2001-06-05,Laura Jean,M. Cali,Andy Exley
2001-06-08,Laura Jean,M. Cali,Andy Exley
2001-06-03,Laura Jean,M. Cali,Bruce Lundeen
2001-06-03,Laura Jean,M. Cali,Bruce Lundeen
2001-06-05,Laura Jean,M. Cali,Bruce Lundeen
2001-06-05,Laura Jean,M. Cali,Bruce Lundeen
2001-06-07,Laura Jean,M. Cali,Bruce Lundeen
2001-06-07,Laura Jean,M. Cali,Bruce Lundeen
2001-06-04,Laura Jean,M. Cali,Michael Tupper
2001-06-08,Laura Jean,M. Cali,Michael Tupper
2001-06-01,Laura Jean,Andy Exley,M. Cali
2001-06-02,Laura Jean,Andy Exley,M. Cali
2001-06-03,Laura Jean,Andy Exley,M. Cali
2001-06-04,Laura Jean,Andy Exley,M. Cali
2001-06-04,Laura Jean,Andy Exley,M. Cali
2001-06-04,Laura Jean,Andy Exley,M. Cali
2001-06-04,Laura Jean,Andy Exley,M. Cali
2001-06-04,Laura Jean,Andy Exley,M. Cali
2001-06-06,Laura Jean,Andy Exley,M. Cali
2001-06-08,Laura Jean,Andy Exley,M. Cali
2001-06-02,Laura Jean,Andy Exley,Robert Lilligren
2001-06-02,Laura Jean,Andy Exley,Robert Lilligren
2001-06-02,Laura Jean,Andy Exley,Robert Lilligren
2001-06-02,Laura Jean,Andy Exley,Robert Lilligren
2001-06-02,Laura Jean,Andy Exley,Robert Lilligren
2001-06-02,Laura Jean,Andy Exley,Robert Lilligren
2001-06-03,Laura Jean,Andy Exley,Robert Lilligren
2001-06-03,Laura Jean,Andy Exley,Robert Lilligren
2001-06-04,Laura Jean,Andy Exley,Robert Lilligren
2001-06-04,Laura Jean,Andy Exley,Robert Lilligren
2001-06-04,Laura Jean,Andy Exley,Robert Lilligren
2001-06-04,Laura Jean,Andy Exley,Robert Lilligren
2001-06-04,Laura Jean,Andy Exley,Robert Lilligren
2001-06-04,Laura Jean,Andy Exley,Robert Lilligren
2001-06-06,Laura Jean,Andy Exley,Robert Lilligren
2001-06-02,Laura Jean,Andy Exley,Bruce Lundeen
2001-06-04,Laura Jean,Andy Exley,Bruce Lundeen
2001-06-04,Laura Jean,Andy Exley,Bruce Lundeen
2001-06-08,Laura Jean,Andy Exley,Bruce Lundeen
2001-06-01,Laura Jean,Andy Exley,Michael Tupper
2001-06-02,Laura Jean,Andy Exley,Michael Tupper
2001-06-02,Laura Jean,Andy Exley,Michael Tupper
2001-06-02,Laura Jean,Andy Exley,Michael Tupper
2001-06-02,Laura Jean,Andy Exley,Michael Tupper
2001-06-02,Laura Jean,Andy Exley,Michael Tupper
2001-06-03,Laura Jean,Andy Exley,Michael Tupper
2001-06-04,Laura Jean,Andy Exley,Michael Tupper
2001-06-04,Laura Jean,Andy Exley,Michael Tupper
2001-06-07,Laura Jean,Andy Exley,Michael Tupper
2001-06-07,Laura Jean,Andy Exley,Michael Tupper
2001-06-07,Laura Jean,Andy Exley,Michael Tupper
2001-06-07,Laura Jean,Andy Exley,Michael Tupper
2001-06-07,Laura Jean,Andy Exley,Michael Tupper
2001-06-08,Laura Jean,Andy Exley,Michael Tupper
2001-06-01,Laura Jean,Andy Exley,skipped
2001-06-02,Laura Jean,Andy Exley,skipped
2001-06-04,Laura Jean,Andy Exley,skipped
2001-06-04,Laura Jean,Andy Exley,skipped
2001-06-07,Laura Jean,Andy Exley,skipped
2001-06-03,Laura Jean,Robert Lilligren,writein
2001-06-01,Laura Jean,Robert Lilligren,M. Cali
2001-06-03,Laura Jean,Robert Lilligren,M. Cali
2001-06-03,Laura Jean,Robert Lilligren,M. Cali
2001-06-04,Laura Jean,Robert Lilligren,M. Cali
2001-06-04,Laura Jean,Robert Lilligren,M. Cali
2001-06-04,Laura Jean,Robert Lilligren,M. Cali
2001-06-05,Laura Jean,Robert Lilligren,M. Cali
2001-06-05,Laura Jean,Robert Lilligren,M. Cali
2001-06-02,Laura Jean,Robert Lilligren,Andy Exley
2001-06-02,Laura Jean,Robert Lilligren,Andy Exley
2001-06-02,Laura Jean,Robert Lilligren,Andy Exley
2001-06-02,Laura Jean,Robert Lilligren,Andy Exley
2001-06-02,Laura Jean,Robert Lilligren,Andy Exley
2001-06-02,Laura Jean,Robert Lilligren,Andy Exley
2001-06-02,Laura Jean,Robert Lilligren,Andy Exley
2001-06-02,Laura Jean,Robert Lilligren,Andy Exley
2001-06-02,Laura Jean,Robert Lilligren,Andy Exley
2001-06-03,Laura Jean,Robert Lilligren,Andy Exley
2001-06-03,Laura Jean,Robert Lilligren,Andy Exley
2001-06-03,Laura Jean,Robert Lilligren,Andy Exley
2001-06-03,Laura Jean,Robert Lilligren,Andy Exley
2001-06-04,Laura Jean,Robert Lilligren,Andy Exley
2001-06-07,Laura Jean,Robert Lilligren,Andy Exley
2001-06-02,Laura Jean,Robert Lilligren,Bruce Lundeen
2001-06-03,Laura Jean,Robert Lilligren,Bruce Lundeen
2001-06-05,Laura Jean,Robert Lilligren,Bruce Lundeen
2001-06-06,Laura Jean,Robert Lilligren,Bruce Lundeen
2001-06-07,Laura Jean,Robert Lilligren,Bruce Lundeen
2001-06-02,Laura Jean,Robert Lilligren,Michael Tupper
2001-06-02,Laura Jean,Robert Lilligren,Michael Tupper
2001-06-02,Laura Jean,Robert Lilligren,Michael Tupper
2001-06-02,Laura Jean,Robert Lilligren,Michael Tupper
2001-06-03,Laura Jean,Robert Lilligren,Michael Tupper
2001-06-03,Laura Jean,Robert Lilligren,Michael Tupper
2001-06-04,Laura Jean,Robert Lilligren,Michael Tupper
2001-06-04,Laura Jean,Robert Lilligren,Michael Tupper
2001-06-05,Laura Jean,Robert Lilligren,Michael Tupper
2001-06-05,Laura Jean,Robert Lilligren,Michael Tupper
2001-06-05,Laura Jean,Robert Lilligren,Michael Tupper
2001-06-05,Laura Jean,Robert Lilligren,Michael Tupper
2001-06-07,Laura Jean,Robert Lilligren,Michael Tupper
2001-06-08,Laura Jean,Robert Lilligren,Michael Tupper
2001-06-08,Laura Jean,Robert Lilligren,Michael Tupper
2001-06-08,Laura Jean,Robert Lilligren,Michael Tupper
2001-06-08,Laura Jean,Robert Lilligren,Michael Tupper
2001-06-02,Laura Jean,Robert Lilligren,skipped
2001-06-02,Laura Jean,Robert Lilligren,skipped
2001-06-02,Laura Jean,Robert Lilligren,skipped
2001-06-02,Laura Jean,Robert Lilligren,skipped
2001-06-03,Laura Jean,Robert Lilligren,skipped
2001-06-03,Laura Jean,Robert Lilligren,skipped
2001-06-03,Laura Jean,Robert Lilligren,skipped
2001-06-03,Laura Jean,Robert Lilligren,skipped
2001-06-04,Laura Jean,Robert Lilligren,skipped
2001-06-04,Laura Jean,Robert Lilligren,skipped
2001-06-04,Laura Jean,Robert Lilligren,skipped
2001-06-04,Laura Jean,Robert Lilligren,skipped
2001-06-04,Laura Jean,Robert Lilligren,skipped
2001-06-05,Laura Jean,Robert Lilligren,skipped
2001-06-05,Laura Jean,Robert Lilligren,skipped
2001-06-06,Laura Jean,Robert Lilligren,skipped
2001-06-06,Laura Jean,Robert Lilligren,skipped
2001-06-07,Laura Jean,Robert Lilligren,skipped
2001-06-07,Laura Jean,Robert Lilligren,skipped
2001-06-07,Laura Jean,Robert Lilligren,skipped
2001-06-03,Laura Jean,Bruce Lundeen,M. Cali
2001-06-04,Laura Jean,Bruce Lundeen,M. Cali
2001-06-04,Laura Jean,Bruce Lundeen,M. Cali
2001-06-02,Laura Jean,Bruce Lundeen,Andy Exley
2001-06-02,Laura Jean,Bruce Lundeen,Andy Exley
2001-06-03,Laura Jean,Bruce Lundeen,Andy Exley
2001-06-04,Laura Jean,Bruce Lundeen,Andy Exley
2001-06-05,Laura Jean,Bruce Lundeen,Andy Exley
2001-06-08,Laura Jean,Bruce Lundeen,Andy Exley
2001-06-03,Laura Jean,Bruce Lundeen,Robert Lilligren
2001-06-04,Laura Jean,Bruce Lundeen,Robert Lilligren
2001-06-04,Laura Jean,Bruce Lundeen,Michael Tupper
2001-06-06,Laura Jean,Bruce Lundeen,Michael Tupper
2001-06-07,Laura Jean,Bruce Lundeen,Michael Tupper
2001-06-08,Laura Jean,Bruce Lundeen,Michael Tupper
2001-06-03,Laura Jean,Bruce Lundeen,skipped
2001-06-04,Laura Jean,Bruce Lundeen,skipped
2001-06-03,Laura Jean,Michael Tupper,M. Cali
2001-06-02,Laura Jean,Michael Tupper,Andy Exley
2001-06-02,Laura Jean,Michael Tupper,Andy Exley
2001-06-02,Laura Jean,Michael Tupper,Andy Exley
2001-06-04,Laura Jean,Michael Tupper,Andy Exley
2001-06-04,Laura Jean,Michael Tupper,Andy Exley
2001-06-04,Laura Jean,Michael Tupper,Andy Exley
2001-06-06,Laura Jean,Michael Tupper,Andy Exley
2001-06-07,Laura Jean,Michael Tupper,Andy Exley
2001-06-08,Laura Jean,Michael Tupper,Andy Exley
2001-06-08,Laura Jean,Michael Tupper,Andy Exley
2001-06-08,Laura Jean,Michael Tupper,Andy Exley
2001-06-08,Laura Jean,Michael Tupper,Andy Exley
2001-06-08,Laura Jean,Michael Tupper,Andy Exley
2001-06-02,Laura Jean,Michael Tupper,Robert Lilligren
2001-06-03,Laura Jean,Michael Tupper,Robert Lilligren
2001-06-04,Laura Jean,Michael Tupper,Robert Lilligren
2001-06-04,Laura Jean,Michael Tupper,Robert Lilligren
2001-06-07,Laura Jean,Michael Tupper,Robert Lilligren
2001-06-08,Laura Jean,Michael Tupper,Robert Lilligren
2001-06-08,Laura Jean,Michael Tupper,Robert Lilligren
2001-06-08,Laura Jean,Michael Tupper,Robert Lilligren
2001-06-02,Laura Jean,Michael Tupper,Bruce Lundeen
2001-06-03,Laura Jean,Michael Tupper,Bruce Lundeen
2001-06-03,Laura Jean,Michael Tupper,Bruce Lundeen
2001-06-04,Laura Jean,Michael Tupper,Bruce Lundeen
2001-06-07,Laura Jean,Michael Tupper,Bruce Lundeen
2001-06-08,Laura Jean,Michael Tupper,Bruce Lundeen
2001-06-01,Laura Jean,Michael Tupper,skipped
2001-06-02,Laura Jean,Michael Tupper,skipped
2001-06-02,Laura Jean,Michael Tupper,skipped
2001-06-03,Laura Jean,Michael Tupper,skipped
2001-06-08,Laura Jean,Michael Tupper,skipped
2001-06-02,Laura Jean,skipped,skipped
2001-06-02,Laura Jean,skipped,skipped
2001-06-02,Laura Jean,skipped,skipped
2001-06-02,Laura Jean,skipped,skipped
2001-06-02,Laura Jean,skipped,skipped
2001-06-02,Laura Jean,skipped,skipped
2001-06-02,Laura Jean,skipped,skipped
2001-06-02,Laura Jean,skipped,skipped
2001-06-02,Laura Jean,skipped,skipped
2001-06-02,Laura Jean,skipped,skipped
2001-06-02,Laura Jean,skipped,skipped
2001-06-02,Laura Jean,skipped,skipped
2001-06-02,Laura Jean,skipped,skipped
2001-06-02,Laura Jean,skipped,skipped
2001-06-02,Laura Jean,skipped,skipped
2001-06-02,Laura Jean,skipped,skipped
2001-06-02,Laura Jean,skipped,skipped
2001-06-02,Laura Jean,skipped,skipped
2001-06-02,Laura Jean,skipped,skipped
2001-06-03,Laura Jean,skipped,skipped
2001-06-03,Laura Jean,skipped,skipped
2001-06-03,Laura Jean,skipped,skipped
2001-06-03,Laura Jean,skipped,skipped
2001-06-03,Laura Jean,skipped,skipped
2001-06-03,Laura Jean,skipped,skipped
2001-06-03,Laura Jean,skipped,skipped
2001-06-03,Laura Jean,skipped,skipped
2001-06-04,Laura Jean,skipped,skipped
2001-06-04,Laura Jean,skipped,skipped
2001-06-04,Laura Jean,skipped,skipped
2001-06-04,Laura Jean,skipped,skipped
2001-06-05,Laura Jean,skipped,skipped
2001-06-05,Laura Jean,skipped,skipped
2001-06-05,Laura Jean,skipped,skipped
2001-06-06,Laura Jean,skipped,skipped
2001-06-06,Laura Jean,skipped,skipped
2001-06-06,Laura Jean,skipped,skipped
2001-06-06,Laura Jean,skipped,skipped
2001-06-07,Laura Jean,skipped,skipped
2001-06-07,Laura Jean,skipped,skipped
2001-06-07,Laura Jean,skipped,skipped
2001-06-07,Laura Jean,skipped,skipped
2001-06-07,Laura Jean,skipped,skipped
2001-06-07,Laura Jean,skipped,skipped
2001-06-07,Laura Jean,skipped,skipped
2001-06-07,Laura Jean,skipped,skipped
2001-06-07,Laura Jean,skipped,skipped
2001-06-08,Laura Jean,skipped,skipped
2001-06-08,Laura Jean,skipped,skipped
2001-06-08,Laura Jean,skipped,skipped
2001-06-08,Laura Jean,skipped,skipped
2001-06-08,Laura Jean,skipped,skipped
2001-06-02,writein,skipped,skipped
2001-06-05,writein,skipped,skipped
2001-06-01,Robert Lilligren,M. Cali,Andy Exley
2001-06-01,Robert Lilligren,M. Cali,Andy Exley
2001-06-01,Robert Lilligren,M. Cali,Andy Exley
2001-06-02,Robert Lilligren,M. Cali,Andy Exley
2001-06-02,Robert Lilligren,M. Cali,Andy Exley
2001-06-02,Robert Lilligren,M. Cali,Andy Exley
2001-06-02,Robert Lilligren,M. Cali,Andy Exley
2001-06-02,Robert Lilligren,M. Cali,Andy Exley
2001-06-03,Robert Lilligren,M. Cali,Andy Exley
2001-06-03,Robert Lilligren,M. Cali,Andy Exley
2001-06-03,Robert Lilligren,M. Cali,Andy Exley
2001-06-03,Robert Lilligren,M. Cali,Andy Exley
2001-06-04,Robert Lilligren,M. Cali,Andy Exley
2001-06-04,Robert Lilligren,M. Cali,Andy Exley
2001-06-04,Robert Lilligren,M. Cali,Andy Exley
2001-06-04,Robert Lilligren,M. Cali,Andy Exley
2001-06-04,Robert Lilligren,M. Cali,Andy Exley
2001-06-06,Robert Lilligren,M. Cali,Andy Exley
2001-06-06,Robert Lilligren,M. Cali,Andy Exley
2001-06-08,Robert Lilligren,M. Cali,Andy Exley
2001-06-08,Robert Lilligren,M. Cali,writein
2001-06-02,Robert Lilligren,M. Cali,Laura Jean
2001-06-02,Robert Lilligren,M. Cali,Laura Jean
2001-06-02,Robert Lilligren,M. Cali,Laura Jean
2001-06-04,Robert Lilligren,M. Cali,Laura Jean
2001-06-04,Robert Lilligren,M. Cali,Laura Jean
2001-06-06,Robert Lilligren,M. Cali,Laura Jean
2001-06-06,Robert Lilligren,M. Cali,Laura Jean
2001-06-01,Robert Lilligren,M. Cali,Bruce Lundeen
2001-06-02,Robert Lilligren,M. Cali,Bruce Lundeen
2001-06-02,Robert Lilligren,M. Cali,Bruce Lundeen
2001-06-02,Robert Lilligren,M. Cali,Bruce Lundeen
2001-06-03,Robert Lilligren,M. Cali,Bruce Lundeen
2001-06-03,Robert Lilligren,M. Cali,Bruce Lundeen
2001-06-03,Robert Lilligren,M. Cali,Bruce Lundeen
2001-06-03,Robert Lilligren,M. Cali,Bruce Lundeen
2001-06-03,Robert Lilligren,M. Cali,Bruce Lundeen
2001-06-04,Robert Lilligren,M. Cali,Bruce Lundeen
2001-06-04,Robert Lilligren,M. Cali,Bruce Lundeen
2001-06-04,Robert Lilligren,M. Cali,Bruce Lundeen
2001-06-05,Robert Lilligren,M. Cali,Bruce Lundeen
2001-06-05,Robert Lilligren,M. Cali,Bruce Lundeen
2001-06-08,Robert Lilligren,M. Cali,Bruce Lundeen
2001-06-03,Robert Lilligren,M. Cali,writein
2001-06-02,Robert Lilligren,M. Cali,Michael Tupper
2001-06-02,Robert Lilligren,M. Cali,Michael Tupper
2001-06-03,Robert Lilligren,M. Cali,Michael Tupper
2001-06-04,Robert Lilligren,M. Cali,Michael Tupper
2001-06-04,Robert Lilligren,M. Cali,Michael Tupper
2001-06-04,Robert Lilligren,M. Cali,Michael Tupper
2001-06-04,Robert Lilligren,M. Cali,Michael Tupper
2001-06-02,Robert Lilligren,M. Cali,skipped
2001-06-02,Robert Lilligren,M. Cali,skipped
2001-06-02,Robert Lilligren,M. Cali,skipped
2001-06-02,Robert Lilligren,M. Cali,skipped
2001-06-02,Robert Lilligren,M. Cali,skipped
2001-06-03,Robert Lilligren,M. Cali,skipped
2001-06-04,Robert Lilligren,M. Cali,skipped
2001-06-04,Robert Lilligren,M. Cali,skipped
2001-06-04,Robert Lilligren,M. Cali,skipped
2001-06-06,Robert Lilligren,M. Cali,skipped
2001-06-06,Robert Lilligren,M. Cali,skipped
2001-06-07,Robert Lilligren,M. Cali,skipped
2001-06-07,Robert Lilligren,M. Cali,skipped
2001-06-07,Robert Lilligren,M. Cali,skipped
2001-06-07,Robert Lilligren,M. Cali,skipped
2001-06-07,Robert Lilligren,M. Cali,skipped
2001-06-08,Robert Lilligren,M. Cali,skipped
2001-06-08,Robert Lilligren,M. Cali,skipped
2001-06-02,Robert Lilligren,Andy Exley,M. Cali
2001-06-02,Robert Lilligren,Andy Exley,M. Cali
2001-06-02,Robert Lilligren,Andy Exley,M. Cali
2001-06-02,Robert Lilligren,Andy Exley,M. Cali
2001-06-03,Robert Lilligren,Andy Exley,M. Cali
2001-06-03,Robert Lilligren,Andy Exley,M. Cali
2001-06-03,Robert Lilligren,Andy Exley,M. Cali
2001-06-04,Robert Lilligren,Andy Exley,M. Cali
2001-06-04,Robert Lilligren,Andy Exley,M. Cali
2001-06-04,Robert Lilligren,Andy Exley,M. Cali
2001-06-04,Robert Lilligren,Andy Exley,M. Cali
2001-06-04,Robert Lilligren,Andy Exley,M. Cali
2001-06-08,Robert Lilligren,Andy Exley,M. Cali
2001-06-01,Robert Lilligren,Andy Exley,Laura Jean
2001-06-01,Robert Lilligren,Andy Exley,Laura Jean
2001-06-02,Robert Lilligren,Andy Exley,Laura Jean
2001-06-02,Robert Lilligren,Andy Exley,Laura Jean
2001-06-02,Robert Lilligren,Andy Exley,Laura Jean
2001-06-02,Robert Lilligren,Andy Exley,Laura Jean
2001-06-02,Robert Lilligren,Andy Exley,Laura Jean
2001-06-02,Robert Lilligren,Andy Exley,Laura Jean
2001-06-02,Robert Lilligren,Andy Exley,Laura Jean
2001-06-02,Robert Lilligren,Andy Exley,Laura Jean
2001-06-02,Robert Lilligren,Andy Exley,Laura Jean
2001-06-02,Robert Lilligren,Andy Exley,Laura Jean
2001-06-03,Robert Lilligren,Andy Exley,Laura Jean
2001-06-03,Robert Lilligren,Andy Exley,Laura Jean
2001-06-03,Robert Lilligren,Andy Exley,Laura Jean
2001-06-04,Robert Lilligren,Andy Exley,Laura Jean
2001-06-04,Robert Lilligren,Andy Exley,Laura Jean
2001-06-04,Robert Lilligren,Andy Exley,Laura Jean
2001-06-04,Robert Lilligren,Andy Exley,Laura Jean
2001-06-04,Robert Lilligren,Andy Exley,Laura Jean
2001-06-04,Robert Lilligren,Andy Exley,Laura Jean
2001-06-04,Robert Lilligren,Andy Exley,Laura Jean
2001-06-04,Robert Lilligren,Andy Exley,Laura Jean
2001-06-04,Robert Lilligren,Andy Exley,Laura Jean
2001-06-04,Robert Lilligren,Andy Exley,Laura Jean
2001-06-04,Robert Lilligren,Andy Exley,Laura Jean
2001-06-04,Robert Lilligren,Andy Exley,Laura Jean
2001-06-04,Robert Lilligren,Andy Exley,Laura Jean
2001-06-04,Robert Lilligren,Andy Exley,Laura Jean
2001-06-05,Robert Lilligren,Andy Exley,Laura Jean
2001-06-06,Robert Lilligren,Andy Exley,Laura Jean
2001-06-07,Robert Lilligren,Andy Exley,Laura Jean
2001-06-08,Robert Lilligren,Andy Exley,Laura Jean
2001-06-08,Robert Lilligren,Andy Exley,Laura Jean
2001-06-01,Robert Lilligren,Andy Exley,Bruce Lundeen
2001-06-01,Robert Lilligren,Andy Exley,Bruce Lundeen
2001-06-02,Robert Lilligren,Andy Exley,Bruce Lundeen
2001-06-02,Robert Lilligren,Andy Exley,Bruce Lundeen
2001-06-02,Robert Lilligren,Andy Exley,Bruce Lundeen
2001-06-02,Robert Lilligren,Andy Exley,Bruce Lundeen
2001-06-02,Robert Lilligren,Andy Exley,Bruce Lundeen
2001-06-02,Robert Lilligren,Andy Exley,Bruce Lundeen
2001-06-02,Robert Lilligren,Andy Exley,Bruce Lundeen
2001-06-02,Robert Lilligren,Andy Exley,Bruce Lundeen
2001-06-02,Robert Lilligren,Andy Exley,Bruce Lundeen
2001-06-02,Robert Lilligren,Andy Exley,Bruce Lundeen
2001-06-03,Robert Lilligren,Andy Exley,Bruce Lundeen
2001-06-03,Robert Lilligren,Andy Exley,Bruce Lundeen
2001-06-03,Robert Lilligren,Andy Exley,Bruce Lundeen
2001-06-04,Robert Lilligren,Andy Exley,Bruce Lundeen
2001-06-04,Robert Lilligren,Andy Exley,Bruce Lundeen
2001-06-04,Robert Lilligren,Andy Exley,Bruce Lundeen
2001-06-07,Robert Lilligren,Andy Exley,Bruce Lundeen
2001-06-08,Robert Lilligren,Andy Exley,Bruce Lundeen
2001-06-08,Robert Lilligren,Andy Exley,Bruce Lundeen
2001-06-02,Robert Lilligren,Andy Exley,writein
2001-06-01,Robert Lilligren,Andy Exley,Michael Tupper
2001-06-01,Robert Lilligren,Andy Exley,Michael Tupper
2001-06-02,Robert Lilligren,Andy Exley,Michael Tupper
2001-06-02,Robert Lilligren,Andy Exley,Michael Tupper
2001-06-02,Robert Lilligren,Andy Exley,Michael Tupper
2001-06-02,Robert Lilligren,Andy Exley,Michael Tupper
2001-06-02,Robert Lilligren,Andy Exley,Michael Tupper
2001-06-02,Robert Lilligren,Andy Exley,Michael Tupper
2001-06-03,Robert Lilligren,Andy Exley,Michael Tupper
2001-06-03,Robert Lilligren,Andy Exley,Michael Tupper
2001-06-03,Robert Lilligren,Andy Exley,Michael Tupper
2001-06-04,Robert Lilligren,Andy Exley,Michael Tupper
2001-06-04,Robert Lilligren,Andy Exley,Michael Tupper
2001-06-04,Robert Lilligren,Andy Exley,Michael Tupper
2001-06-04,Robert Lilligren,Andy Exley,Michael Tupper
2001-06-08,Robert Lilligren,Andy Exley,Michael Tupper
2001-06-02,Robert Lilligren,Andy Exley,skipped
2001-06-02,Robert Lilligren,Andy Exley,skipped
2001-06-02,Robert Lilligren,Andy Exley,skipped
2001-06-02,Robert Lilligren,Andy Exley,skipped
2001-06-02,Robert Lilligren,Andy Exley,skipped
2001-06-02,Robert Lilligren,Andy Exley,skipped
2001-06-02,Robert Lilligren,Andy Exley,skipped
2001-06-02,Robert Lilligren,Andy Exley,skipped
2001-06-02,Robert Lilligren,Andy Exley,skipped
2001-06-02,Robert Lilligren,Andy Exley,skipped
2001-06-02,Robert Lilligren,Andy Exley,skipped
2001-06-02,Robert Lilligren,Andy Exley,skipped
2001-06-02,Robert Lilligren,Andy Exley,skipped
2001-06-02,Robert Lilligren,Andy Exley,skipped
2001-06-02,Robert Lilligren,Andy Exley,skipped
2001-06-02,Robert Lilligren,Andy Exley,skipped
2001-06-03,Robert Lilligren,Andy Exley,skipped
2001-06-03,Robert Lilligren,Andy Exley,skipped
2001-06-04,Robert Lilligren,Andy Exley,skipped
2001-06-04,Robert Lilligren,Andy Exley,skipped
2001-06-04,Robert Lilligren,Andy Exley,skipped
2001-06-04,Robert Lilligren,Andy Exley,skipped
2001-06-04,Robert Lilligren,Andy Exley,skipped
2001-06-04,Robert Lilligren,Andy Exley,skipped
2001-06-04,Robert Lilligren,Andy Exley,skipped
2001-06-04,Robert Lilligren,Andy Exley,skipped
2001-06-04,Robert Lilligren,Andy Exley,skipped
2001-06-04,Robert Lilligren,Andy Exley,skipped
2001-06-04,Robert Lilligren,Andy Exley,skipped
2001-06-06,Robert Lilligren,Andy Exley,skipped
2001-06-01,Robert Lilligren,Laura Jean,M. Cali
2001-06-02,Robert Lilligren,Laura Jean,M. Cali
2001-06-02,Robert Lilligren,Laura Jean,M. Cali
2001-06-02,Robert Lilligren,Laura Jean,M. Cali
2001-06-02,Robert Lilligren,Laura Jean,M. Cali
2001-06-03,Robert Lilligren,Laura Jean,M. Cali
2001-06-03,Robert Lilligren,Laura Jean,M. Cali
2001-06-03,Robert Lilligren,Laura Jean,M. Cali
2001-06-03,Robert Lilligren,Laura Jean,M. Cali
2001-06-03,Robert Lilligren,Laura Jean,M. Cali
2001-06-03,Robert Lilligren,Laura Jean,M. Cali
2001-06-04,Robert Lilligren,Laura Jean,M. Cali
2001-06-04,Robert Lilligren,Laura Jean,M. Cali
2001-06-04,Robert Lilligren,Laura Jean,M. Cali
2001-06-04,Robert Lilligren,Laura Jean,M. Cali
2001-06-04,Robert Lilligren,Laura Jean,M. Cali
2001-06-04,Robert Lilligren,Laura Jean,M. Cali
2001-06-05,Robert Lilligren,Laura Jean,M. Cali
2001-06-05,Robert Lilligren,Laura Jean,M. Cali
2001-06-06,Robert Lilligren,Laura Jean,M. Cali
2001-06-06,Robert Lilligren,Laura Jean,M. Cali
2001-06-07,Robert Lilligren,Laura Jean,M. Cali
2001-06-07,Robert Lilligren,Laura Jean,M. Cali
2001-06-08,Robert Lilligren,Laura Jean,M. Cali
2001-06-08,Robert Lilligren,Laura Jean,M. Cali
2001-06-08,Robert Lilligren,Laura Jean,M. Cali
2001-06-01,Robert Lilligren,Laura Jean,Andy Exley
2001-06-01,Robert Lilligren,Laura Jean,Andy Exley
2001-06-01,Robert Lilligren,Laura Jean,Andy Exley
2001-06-01,Robert Lilligren,Laura Jean,Andy Exley
2001-06-01,Robert Lilligren,Laura Jean,Andy Exley
2001-06-02,Robert Lilligren,Laura Jean,Andy Exley
2001-06-02,Robert Lilligren,Laura Jean,Andy Exley
2001-06-02,Robert Lilligren,Laura Jean,Andy Exley
2001-06-02,Robert Lilligren,Laura Jean,Andy Exley
2001-06-02,Robert Lilligren,Laura Jean,Andy Exley
2001-06-02,Robert Lilligren,Laura Jean,Andy Exley
2001-06-02,Robert Lilligren,Laura Jean,Andy Exley
2001-06-03,Robert Lilligren,Laura Jean,Andy Exley
2001-06-03,Robert Lilligren,Laura Jean,Andy Exley
2001-06-03,Robert Lilligren,Laura Jean,Andy Exley
2001-06-03,Robert Lilligren,Laura Jean,Andy Exley
2001-06-03,Robert Lilligren,Laura Jean,Andy Exley
2001-06-03,Robert Lilligren,Laura Jean,Andy Exley
2001-06-03,Robert Lilligren,Laura Jean,Andy Exley
2001-06-04,Robert Lilligren,Laura Jean,Andy Exley
2001-06-04,Robert Lilligren,Laura Jean,Andy Exley
2001-06-04,Robert Lilligren,Laura Jean,Andy Exley
2001-06-04,Robert Lilligren,Laura Jean,Andy Exley
2001-06-04,Robert Lilligren,Laura Jean,Andy Exley
2001-06-04,Robert Lilligren,Laura Jean,Andy Exley
2001-06-04,Robert Lilligren,Laura Jean,Andy Exley
2001-06-04,Robert Lilligren,Laura Jean,Andy Exley
2001-06-04,Robert Lilligren,Laura Jean,Andy Exley
2001-06-04,Robert Lilligren,Laura Jean,Andy Exley
2001-06-05,Robert Lilligren,Laura Jean,Andy Exley
2001-06-05,Robert Lilligren,Laura Jean,Andy Exley
2001-06-08,Robert Lilligren,Laura Jean,Andy Exley
2001-06-08,Robert Lilligren,Laura Jean,Andy Exley
2001-06-01,Robert Lilligren,Laura Jean,Bruce Lundeen
2001-06-01,Robert Lilligren,Laura Jean,Bruce Lundeen
2001-06-02,Robert Lilligren,Laura Jean,Bruce Lundeen
2001-06-02,Robert Lilligren,Laura Jean,Bruce Lundeen
2001-06-02,Robert Lilligren,Laura Jean,Bruce Lundeen
2001-06-02,Robert Lilligren,Laura Jean,Bruce Lundeen
2001-06-02,Robert Lilligren,Laura Jean,Bruce Lundeen
2001-06-02,Robert Lilligren,Laura Jean,Bruce Lundeen
2001-06-02,Robert Lilligren,Laura Jean,Bruce Lundeen
2001-06-02,Robert Lilligren,Laura Jean,Bruce Lundeen
2001-06-02,Robert Lilligren,Laura Jean,Bruce Lundeen
2001-06-03,Robert Lilligren,Laura Jean,Bruce Lundeen
2001-06-03,Robert Lilligren,Laura Jean,Bruce Lundeen
2001-06-03,Robert Lilligren,Laura Jean,Bruce Lundeen
2001-06-03,Robert Lilligren,Laura Jean,Bruce Lundeen
2001-06-03,Robert Lilligren,Laura Jean,Bruce Lundeen
2001-06-03,Robert Lilligren,Laura Jean,Bruce Lundeen
2001-06-03,Robert Lilligren,Laura Jean,Bruce Lundeen
2001-06-03,Robert Lilligren,Laura Jean,Bruce Lundeen
2001-06-03,Robert Lilligren,Laura Jean,Bruce Lundeen
2001-06-03,Robert Lilligren,Laura Jean,Bruce Lundeen
2001-06-04,Robert Lilligren,Laura Jean,Bruce Lundeen
2001-06-04,Robert Lilligren,Laura Jean,Bruce Lundeen
2001-06-04,Robert Lilligren,Laura Jean,Bruce Lundeen
2001-06-04,Robert Lilligren,Laura Jean,Bruce Lundeen
2001-06-04,Robert Lilligren,Laura Jean,Bruce Lundeen
2001-06-04,Robert Lilligren,Laura Jean,Bruce Lundeen
2001-06-04,Robert Lilligren,Laura Jean,Bruce Lundeen
2001-06-05,Robert Lilligren,Laura Jean,Bruce Lundeen
2001-06-05,Robert Lilligren,Laura Jean,Bruce Lundeen
2001-06-05,Robert Lilligren,Laura Jean,Bruce Lundeen
2001-06-06,Robert Lilligren,Laura Jean,Bruce Lundeen
2001-06-07,Robert Lilligren,Laura Jean,Bruce Lundeen
2001-06-07,Robert Lilligren,Laura Jean,Bruce Lundeen
2001-06-07,Robert Lilligren,Laura Jean,Bruce Lundeen
2001-06-08,Robert Lilligren,Laura Jean,Bruce Lundeen
2001-06-08,Robert Lilligren,Laura Jean,Bruce Lundeen
2001-06-04,Robert Lilligren,Laura Jean,writein
2001-06-01,Robert Lilligren,Laura Jean,Michael Tupper
2001-06-02,Robert Lilligren,Laura Jean,Michael Tupper
2001-06-02,Robert Lilligren,Laura Jean,Michael Tupper
2001-06-02,Robert Lilligren,Laura Jean,Michael Tupper
2001-06-02,Robert Lilligren,Laura Jean,Michael Tupper
2001-06-02,Robert Lilligren,Laura Jean,Michael Tupper
2001-06-02,Robert Lilligren,Laura Jean,Michael Tupper
2001-06-02,Robert Lilligren,Laura Jean,Michael Tupper
2001-06-02,Robert Lilligren,Laura Jean,Michael Tupper
2001-06-02,Robert Lilligren,Laura Jean,Michael Tupper
2001-06-03,Robert Lilligren,Laura Jean,Michael Tupper
2001-06-03,Robert Lilligren,Laura Jean,Michael Tupper
2001-06-03,Robert Lilligren,Laura Jean,Michael Tupper
2001-06-03,Robert Lilligren,Laura Jean,Michael Tupper
2001-06-03,Robert Lilligren,Laura Jean,Michael Tupper
2001-06-04,Robert Lilligren,Laura Jean,Michael Tupper
2001-06-04,Robert Lilligren,Laura Jean,Michael Tupper
2001-06-04,Robert Lilligren,Laura Jean,Michael Tupper
2001-06-04,Robert Lilligren,Laura Jean,Michael Tupper
2001-06-04,Robert Lilligren,Laura Jean,Michael Tupper
2001-06-04,Robert Lilligren,Laura Jean,Michael Tupper
2001-06-04,Robert Lilligren,Laura Jean,Michael Tupper
2001-06-04,Robert Lilligren,Laura Jean,Michael Tupper
2001-06-05,Robert Lilligren,Laura Jean,Michael Tupper
2001-06-06,Robert Lilligren,Laura Jean,Michael Tupper
2001-06-06,Robert Lilligren,Laura Jean,Michael Tupper
2001-06-06,Robert Lilligren,Laura Jean,Michael Tupper
2001-06-06,Robert Lilligren,Laura Jean,Michael Tupper
2001-06-06,Robert Lilligren,Laura Jean,Michael Tupper
2001-06-07,Robert Lilligren,Laura Jean,Michael Tupper
2001-06-07,Robert Lilligren,Laura Jean,Michael Tupper
2001-06-07,Robert Lilligren,Laura Jean,Michael Tupper
2001-06-08,Robert Lilligren,Laura Jean,Michael Tupper
2001-06-08,Robert Lilligren,Laura Jean,Michael Tupper
2001-06-08,Robert Lilligren,Laura Jean,Michael Tupper
2001-06-08,Robert Lilligren,Laura Jean,Michael Tupper
2001-06-08,Robert Lilligren,Laura Jean,Michael Tupper
2001-06-08,Robert Lilligren,Laura Jean,Michael Tupper
2001-06-01,Robert Lilligren,Laura Jean,skipped
2001-06-01,Robert Lilligren,Laura Jean,skipped
2001-06-01,Robert Lilligren,Laura Jean,skipped
2001-06-02,Robert Lilligren,Laura Jean,skipped
2001-06-02,Robert Lilligren,Laura Jean,skipped
2001-06-02,Robert Lilligren,Laura Jean,skipped
2001-06-02,Robert Lilligren,Laura Jean,skipped
2001-06-02,Robert Lilligren,Laura Jean,skipped
2001-06-02,Robert Lilligren,Laura Jean,skipped
2001-06-02,Robert Lilligren,Laura Jean,skipped
2001-06-02,Robert Lilligren,Laura Jean,skipped
2001-06-02,Robert Lilligren,Laura Jean,skipped
2001-06-02,Robert Lilligren,Laura Jean,skipped
2001-06-02,Robert Lilligren,Laura Jean,skipped
2001-06-02,Robert Lilligren,Laura Jean,skipped
2001-06-02,Robert Lilligren,Laura Jean,skipped
2001-06-02,Robert Lilligren,Laura Jean,skipped
2001-06-02,Robert Lilligren,Laura Jean,skipped
2001-06-02,Robert Lilligren,Laura Jean,skipped
2001-06-02,Robert Lilligren,Laura Jean,skipped
2001-06-02,Robert Lilligren,Laura Jean,skipped
2001-06-02,Robert Lilligren,Laura Jean,skipped
2001-06-02,Robert Lilligren,Laura Jean,skipped
2001-06-02,Robert Lilligren,Laura Jean,skipped
2001-06-02,Robert Lilligren,Laura Jean,skipped
2001-06-02,Robert Lilligren,Laura Jean,skipped
2001-06-02,Robert Lilligren,Laura Jean,skipped
2001-06-02,Robert Lilligren,Laura Jean,skipped
2001-06-02,Robert Lilligren,Laura Jean,skipped
2001-06-02,Robert Lilligren,Laura Jean,skipped
2001-06-03,Robert Lilligren,Laura Jean,skipped
2001-06-03,Robert Lilligren,Laura Jean,skipped
2001-06-03,Robert Lilligren,Laura Jean,skipped
2001-06-03,Robert Lilligren,Laura Jean,skipped
2001-06-03,Robert Lilligren,Laura Jean,skipped
2001-06-03,Robert Lilligren,Laura Jean,skipped
2001-06-03,Robert Lilligren,Laura Jean,skipped
2001-06-03,Robert Lilligren,Laura Jean,skipped
2001-06-03,Robert Lilligren,Laura Jean,skipped
2001-06-03,Robert Lilligren,Laura Jean,skipped
2001-06-03,Robert Lilligren,Laura Jean,skipped
2001-06-03,Robert Lilligren,Laura Jean,skipped
2001-06-03,Robert Lilligren,Laura Jean,skipped
2001-06-03,Robert Lilligren,Laura Jean,skipped
2001-06-03,Robert Lilligren,Laura Jean,skipped
2001-06-03,Robert Lilligren,Laura Jean,skipped
2001-06-03,Robert Lilligren,Laura Jean,skipped
2001-06-04,Robert Lilligren,Laura Jean,skipped
2001-06-04,Robert Lilligren,Laura Jean,skipped
2001-06-04,Robert Lilligren,Laura Jean,skipped
2001-06-04,Robert Lilligren,Laura Jean,skipped
2001-06-04,Robert Lilligren,Laura Jean,skipped
2001-06-04,Robert Lilligren,Laura Jean,skipped
2001-06-04,Robert Lilligren,Laura Jean,skipped
2001-06-04,Robert Lilligren,Laura Jean,skipped
2001-06-04,Robert Lilligren,Laura Jean,skipped
2001-06-04,Robert Lilligren,Laura Jean,skipped
2001-06-04,Robert Lilligren,Laura Jean,skipped
2001-06-04,Robert Lilligren,Laura Jean,skipped
2001-06-04,Robert Lilligren,Laura Jean,skipped
2001-06-05,Robert Lilligren,Laura Jean,skipped
2001-06-05,Robert Lilligren,Laura Jean,skipped
2001-06-05,Robert Lilligren,Laura Jean,skipped
2001-06-05,Robert Lilligren,Laura Jean,skipped
2001-06-06,Robert Lilligren,Laura Jean,skipped
2001-06-06,Robert Lilligren,Laura Jean,skipped
2001-06-06,Robert Lilligren,Laura Jean,skipped
2001-06-07,Robert Lilligren,Laura Jean,skipped
2001-06-07,Robert Lilligren,Laura Jean,skipped
2001-06-07,Robert Lilligren,Laura Jean,skipped
2001-06-07,Robert Lilligren,Laura Jean,skipped
2001-06-07,Robert Lilligren,Laura Jean,skipped
2001-06-07,Robert Lilligren,Laura Jean,skipped
2001-06-08,Robert Lilligren,Laura Jean,skipped
2001-06-08,Robert Lilligren,Laura Jean,skipped
2001-06-08,Robert Lilligren,Laura Jean,skipped
2001-06-08,Robert Lilligren,Laura Jean,skipped
2001-06-08,Robert Lilligren,Laura Jean,skipped
2001-06-08,Robert Lilligren,Laura Jean,skipped
2001-06-08,Robert Lilligren,Laura Jean,skipped
2001-06-08,Robert Lilligren,Laura Jean,skipped
2001-06-04,Robert Lilligren,Laura Jean,writein
2001-06-01,Robert Lilligren,Bruce Lundeen,M. Cali
2001-06-02,Robert Lilligren,Bruce Lundeen,M. Cali
2001-06-02,Robert Lilligren,Bruce Lundeen,M. Cali
2001-06-02,Robert Lilligren,Bruce Lundeen,M. Cali
2001-06-03,Robert Lilligren,Bruce Lundeen,M. Cali
2001-06-03,Robert Lilligren,Bruce Lundeen,M. Cali
2001-06-03,Robert Lilligren,Bruce Lundeen,M. Cali
2001-06-04,Robert Lilligren,Bruce Lundeen,M. Cali
2001-06-04,Robert Lilligren,Bruce Lundeen,M. Cali
2001-06-04,Robert Lilligren,Bruce Lundeen,M. Cali
2001-06-04,Robert Lilligren,Bruce Lundeen,M. Cali
2001-06-05,Robert Lilligren,Bruce Lundeen,M. Cali
2001-06-08,Robert Lilligren,Bruce Lundeen,M. Cali
2001-06-08,Robert Lilligren,Bruce Lundeen,M. Cali
2001-06-01,Robert Lilligren,Bruce Lundeen,Andy Exley
2001-06-01,Robert Lilligren,Bruce Lundeen,Andy Exley
2001-06-02,Robert Lilligren,Bruce Lundeen,Andy Exley
2001-06-02,Robert Lilligren,Bruce Lundeen,Andy Exley
2001-06-02,Robert Lilligren,Bruce Lundeen,Andy Exley
2001-06-02,Robert Lilligren,Bruce Lundeen,Andy Exley
2001-06-02,Robert Lilligren,Bruce Lundeen,Andy Exley
2001-06-02,Robert Lilligren,Bruce Lundeen,Andy Exley
2001-06-02,Robert Lilligren,Bruce Lundeen,Andy Exley
2001-06-02,Robert Lilligren,Bruce Lundeen,Andy Exley
2001-06-03,Robert Lilligren,Bruce Lundeen,Andy Exley
2001-06-03,Robert Lilligren,Bruce Lundeen,Andy Exley
2001-06-03,Robert Lilligren,Bruce Lundeen,Andy Exley
2001-06-04,Robert Lilligren,Bruce Lundeen,Andy Exley
2001-06-04,Robert Lilligren,Bruce Lundeen,Andy Exley
2001-06-04,Robert Lilligren,Bruce Lundeen,Andy Exley
2001-06-04,Robert Lilligren,Bruce Lundeen,Andy Exley
2001-06-04,Robert Lilligren,Bruce Lundeen,Andy Exley
2001-06-04,Robert Lilligren,Bruce Lundeen,Andy Exley
2001-06-04,Robert Lilligren,Bruce Lundeen,Andy Exley
2001-06-04,Robert Lilligren,Bruce Lundeen,Andy Exley
2001-06-08,Robert Lilligren,Bruce Lundeen,Andy Exley
2001-06-01,Robert Lilligren,Bruce Lundeen,Laura Jean
2001-06-02,Robert Lilligren,Bruce Lundeen,Laura Jean
2001-06-02,Robert Lilligren,Bruce Lundeen,Laura Jean
2001-06-02,Robert Lilligren,Bruce Lundeen,Laura Jean
2001-06-02,Robert Lilligren,Bruce Lundeen,Laura Jean
2001-06-03,Robert Lilligren,Bruce Lundeen,Laura Jean
2001-06-03,Robert Lilligren,Bruce Lundeen,Laura Jean
2001-06-04,Robert Lilligren,Bruce Lundeen,Laura Jean
2001-06-07,Robert Lilligren,Bruce Lundeen,Laura Jean
2001-06-08,Robert Lilligren,Bruce Lundeen,Laura Jean
2001-06-02,Robert Lilligren,Bruce Lundeen,Michael Tupper
2001-06-02,Robert Lilligren,Bruce Lundeen,Michael Tupper
2001-06-02,Robert Lilligren,Bruce Lundeen,Michael Tupper
2001-06-03,Robert Lilligren,Bruce Lundeen,Michael Tupper
2001-06-04,Robert Lilligren,Bruce Lundeen,Michael Tupper
2001-06-04,Robert Lilligren,Bruce Lundeen,Michael Tupper
2001-06-04,Robert Lilligren,Bruce Lundeen,Michael Tupper
2001-06-08,Robert Lilligren,Bruce Lundeen,Michael Tupper
2001-06-08,Robert Lilligren,Bruce Lundeen,Michael Tupper
2001-06-08,Robert Lilligren,Bruce Lundeen,Michael Tupper
2001-06-02,Robert Lilligren,Bruce Lundeen,skipped
2001-06-02,Robert Lilligren,Bruce Lundeen,skipped
2001-06-02,Robert Lilligren,Bruce Lundeen,skipped
2001-06-02,Robert Lilligren,Bruce Lundeen,skipped
2001-06-02,Robert Lilligren,Bruce Lundeen,skipped
2001-06-03,Robert Lilligren,Bruce Lundeen,skipped
2001-06-03,Robert Lilligren,Bruce Lundeen,skipped
2001-06-04,Robert Lilligren,Bruce Lundeen,skipped
2001-06-04,Robert Lilligren,Bruce Lundeen,skipped
2001-06-05,Robert Lilligren,Bruce Lundeen,skipped
2001-06-06,Robert Lilligren,Bruce Lundeen,skipped
2001-06-07,Robert Lilligren,Bruce Lundeen,skipped
2001-06-08,Robert Lilligren,Bruce Lundeen,skipped
2001-06-08,Robert Lilligren,Bruce Lundeen,skipped
2001-06-06,Robert Lilligren,writein,writein
2001-06-06,Robert Lilligren,writein,writein
2001-06-02,Robert Lilligren,Michael Tupper,M. Cali
2001-06-03,Robert Lilligren,Michael Tupper,M. Cali
2001-06-08,Robert Lilligren,Michael Tupper,M. Cali
2001-06-01,Robert Lilligren,Michael Tupper,Andy Exley
2001-06-02,Robert Lilligren,Michael Tupper,Andy Exley
2001-06-02,Robert Lilligren,Michael Tupper,Andy Exley
2001-06-02,Robert Lilligren,Michael Tupper,Andy Exley
2001-06-02,Robert Lilligren,Michael Tupper,Andy Exley
2001-06-02,Robert Lilligren,Michael Tupper,Andy Exley
2001-06-02,Robert Lilligren,Michael Tupper,Andy Exley
2001-06-02,Robert Lilligren,Michael Tupper,Andy Exley
2001-06-02,Robert Lilligren,Michael Tupper,Andy Exley
2001-06-03,Robert Lilligren,Michael Tupper,Andy Exley
2001-06-03,Robert Lilligren,Michael Tupper,Andy Exley
2001-06-04,Robert Lilligren,Michael Tupper,Andy Exley
2001-06-05,Robert Lilligren,Michael Tupper,Andy Exley
2001-06-07,Robert Lilligren,Michael Tupper,Andy Exley
2001-06-01,Robert Lilligren,Michael Tupper,Laura Jean
2001-06-01,Robert Lilligren,Michael Tupper,Laura Jean
2001-06-01,Robert Lilligren,Michael Tupper,Laura Jean
2001-06-02,Robert Lilligren,Michael Tupper,Laura Jean
2001-06-02,Robert Lilligren,Michael Tupper,Laura Jean
2001-06-02,Robert Lilligren,Michael Tupper,Laura Jean
2001-06-02,Robert Lilligren,Michael Tupper,Laura Jean
2001-06-02,Robert Lilligren,Michael Tupper,Laura Jean
2001-06-02,Robert Lilligren,Michael Tupper,Laura Jean
2001-06-02,Robert Lilligren,Michael Tupper,Laura Jean
2001-06-02,Robert Lilligren,Michael Tupper,Laura Jean
2001-06-02,Robert Lilligren,Michael Tupper,Laura Jean
2001-06-02,Robert Lilligren,Michael Tupper,Laura Jean
2001-06-03,Robert Lilligren,Michael Tupper,Laura Jean
2001-06-03,Robert Lilligren,Michael Tupper,Laura Jean
2001-06-03,Robert Lilligren,Michael Tupper,Laura Jean
2001-06-03,Robert Lilligren,Michael Tupper,Laura Jean
2001-06-03,Robert Lilligren,Michael Tupper,Laura Jean
2001-06-03,Robert Lilligren,Michael Tupper,Laura Jean
2001-06-03,Robert Lilligren,Michael Tupper,Laura Jean
2001-06-03,Robert Lilligren,Michael Tupper,Laura Jean
2001-06-03,Robert Lilligren,Michael Tupper,Laura Jean
2001-06-03,Robert Lilligren,Michael Tupper,Laura Jean
2001-06-03,Robert Lilligren,Michael Tupper,Laura Jean
2001-06-03,Robert Lilligren,Michael Tupper,Laura Jean
2001-06-04,Robert Lilligren,Michael Tupper,Laura Jean
2001-06-04,Robert Lilligren,Michael Tupper,Laura Jean
2001-06-04,Robert Lilligren,Michael Tupper,Laura Jean
2001-06-04,Robert Lilligren,Michael Tupper,Laura Jean
2001-06-04,Robert Lilligren,Michael Tupper,Laura Jean
2001-06-04,Robert Lilligren,Michael Tupper,Laura Jean
2001-06-04,Robert Lilligren,Michael Tupper,Laura Jean
2001-06-04,Robert Lilligren,Michael Tupper,Laura Jean
2001-06-04,Robert Lilligren,Michael Tupper,Laura Jean
2001-06-04,Robert Lilligren,Michael Tupper,Laura Jean
2001-06-06,Robert Lilligren,Michael Tupper,Laura Jean
2001-06-07,Robert Lilligren,Michael Tupper,Laura Jean
2001-06-07,Robert Lilligren,Michael Tupper,Laura Jean
2001-06-08,Robert Lilligren,Michael Tupper,Laura Jean
2001-06-08,Robert Lilligren,Michael Tupper,Laura Jean
2001-06-08,Robert Lilligren,Michael Tupper,Laura Jean
2001-06-08,Robert Lilligren,Michael Tupper,Laura Jean
2001-06-08,Robert Lilligren,Michael Tupper,Laura Jean
2001-06-08,Robert Lilligren,Michael Tupper,Laura Jean
2001-06-08,Robert Lilligren,Michael Tupper,Laura Jean
2001-06-02,Robert Lilligren,Michael Tupper,Bruce Lundeen
2001-06-02,Robert Lilligren,Michael Tupper,Bruce Lundeen
2001-06-02,Robert Lilligren,Michael Tupper,Bruce Lundeen
2001-06-02,Robert Lilligren,Michael Tupper,Bruce Lundeen
2001-06-03,Robert Lilligren,Michael Tupper,Bruce Lundeen
2001-06-03,Robert Lilligren,Michael Tupper,Bruce Lundeen
2001-06-03,Robert Lilligren,Michael Tupper,Bruce Lundeen
2001-06-04,Robert Lilligren,Michael Tupper,Bruce Lundeen
2001-06-04,Robert Lilligren,Michael Tupper,Bruce Lundeen
2001-06-04,Robert Lilligren,Michael Tupper,Bruce Lundeen
2001-06-04,Robert Lilligren,Michael Tupper,Bruce Lundeen
2001-06-04,Robert Lilligren,Michael Tupper,Bruce Lundeen
2001-06-05,Robert Lilligren,Michael Tupper,Bruce Lundeen
2001-06-05,Robert Lilligren,Michael Tupper,Bruce Lundeen
2001-06-08,Robert Lilligren,Michael Tupper,Bruce Lundeen
2001-06-08,Robert Lilligren,Michael Tupper,Bruce Lundeen
2001-06-01,Robert Lilligren,Michael Tupper,skipped
2001-06-01,Robert Lilligren,Michael Tupper,skipped
2001-06-02,Robert Lilligren,Michael Tupper,skipped
2001-06-02,Robert Lilligren,Michael Tupper,skipped
2001-06-02,Robert Lilligren,Michael Tupper,skipped
2001-06-02,Robert Lilligren,Michael Tupper,skipped
2001-06-02,Robert Lilligren,Michael Tupper,skipped
2001-06-02,Robert Lilligren,Michael Tupper,skipped
2001-06-02,Robert Lilligren,Michael Tupper,skipped
2001-06-02,Robert Lilligren,Michael Tupper,skipped
2001-06-02,Robert Lilligren,Michael Tupper,skipped
2001-06-02,Robert Lilligren,Michael Tupper,skipped
2001-06-02,Robert Lilligren,Michael Tupper,skipped
2001-06-02,Robert Lilligren,Michael Tupper,skipped
2001-06-02,Robert Lilligren,Michael Tupper,skipped
2001-06-02,Robert Lilligren,Michael Tupper,skipped
2001-06-02,Robert Lilligren,Michael Tupper,skipped
2001-06-03,Robert Lilligren,Michael Tupper,skipped
2001-06-03,Robert Lilligren,Michael Tupper,skipped
2001-06-03,Robert Lilligren,Michael Tupper,skipped
2001-06-03,Robert Lilligren,Michael Tupper,skipped
2001-06-03,Robert Lilligren,Michael Tupper,skipped
2001-06-03,Robert Lilligren,Michael Tupper,skipped
2001-06-03,Robert Lilligren,Michael Tupper,skipped
2001-06-04,Robert Lilligren,Michael Tupper,skipped
2001-06-04,Robert Lilligren,Michael Tupper,skipped
2001-06-04,Robert Lilligren,Michael Tupper,skipped
2001-06-04,Robert Lilligren,Michael Tupper,skipped
2001-06-04,Robert Lilligren,Michael Tupper,skipped
2001-06-04,Robert Lilligren,Michael Tupper,skipped
2001-06-05,Robert Lilligren,Michael Tupper,skipped
2001-06-05,Robert Lilligren,Michael Tupper,skipped
2001-06-06,Robert Lilligren,Michael Tupper,skipped
2001-06-06,Robert Lilligren,Michael Tupper,skipped
2001-06-07,Robert Lilligren,Michael Tupper,skipped
2001-06-07,Robert Lilligren,Michael Tupper,skipped
2001-06-07,Robert Lilligren,Michael Tupper,skipped
2001-06-07,Robert Lilligren,Michael Tupper,skipped
2001-06-08,Robert Lilligren,Michael Tupper,skipped
2001-06-08,Robert Lilligren,Michael Tupper,skipped
2001-06-08,Robert Lilligren,Michael Tupper,skipped
2001-06-08,Robert Lilligren,Michael Tupper,skipped
2001-06-08,Robert Lilligren,Michael Tupper,skipped
2001-06-08,Robert Lilligren,Michael Tupper,skipped
2001-06-01,Robert Lilligren,skipped,skipped
2001-06-01,Robert Lilligren,skipped,skipped
2001-06-01,Robert Lilligren,skipped,skipped
2001-06-01,Robert Lilligren,skipped,skipped
2001-06-01,Robert Lilligren,skipped,skipped
2001-06-01,Robert Lilligren,skipped,skipped
2001-06-01,Robert Lilligren,skipped,skipped
2001-06-01,Robert Lilligren,skipped,skipped
2001-06-01,Robert Lilligren,skipped,skipped
2001-06-01,Robert Lilligren,skipped,skipped
2001-06-01,Robert Lilligren,skipped,skipped
2001-06-01,Robert Lilligren,skipped,skipped
2001-06-01,Robert Lilligren,skipped,skipped
2001-06-01,Robert Lilligren,skipped,skipped
2001-06-01,Robert Lilligren,skipped,skipped
2001-06-01,Robert Lilligren,skipped,skipped
2001-06-01,Robert Lilligren,skipped,skipped
2001-06-01,Robert Lilligren,skipped,skipped
2001-06-01,Robert Lilligren,skipped,skipped
2001-06-01,Robert Lilligren,skipped,skipped
2001-06-01,Robert Lilligren,skipped,skipped
2001-06-01,Robert Lilligren,skipped,skipped
2001-06-01,Robert Lilligren,skipped,skipped
2001-06-01,Robert Lilligren,skipped,skipped
2001-06-02,Robert Lilligren,skipped,skipped
2001-06-02,Robert Lilligren,skipped,skipped
2001-06-02,Robert Lilligren,skipped,skipped
2001-06-02,Robert Lilligren,skipped,skipped
2001-06-02,Robert Lilligren,skipped,skipped
2001-06-02,Robert Lilligren,skipped,skipped
2001-06-02,Robert Lilligren,skipped,skipped
2001-06-02,Robert Lilligren,skipped,skipped
2001-06-02,Robert Lilligren,skipped,skipped
2001-06-02,Robert Lilligren,skipped,skipped
2001-06-02,Robert Lilligren,skipped,skipped
2001-06-02,Robert Lilligren,skipped,skipped
2001-06-02,Robert Lilligren,skipped,skipped
2001-06-02,Robert Lilligren,skipped,skipped
2001-06-02,Robert Lilligren,skipped,skipped
2001-06-02,Robert Lilligren,skipped,skipped
2001-06-02,Robert Lilligren,skipped,skipped
2001-06-02,Robert Lilligren,skipped,skipped
2001-06-02,Robert Lilligren,skipped,skipped
2001-06-02,Robert Lilligren,skipped,skipped
2001-06-02,Robert Lilligren,skipped,skipped
2001-06-02,Robert Lilligren,skipped,skipped
2001-06-02,Robert Lilligren,skipped,skipped
2001-06-02,Robert Lilligren,skipped,skipped
2001-06-02,Robert Lilligren,skipped,skipped
2001-06-02,Robert Lilligren,skipped,skipped
2001-06-02,Robert Lilligren,skipped,skipped
2001-06-02,Robert Lilligren,skipped,skipped
2001-06-02,Robert Lilligren,skipped,skipped
2001-06-02,Robert Lilligren,skipped,skipped
2001-06-02,Robert Lilligren,skipped,skipped
2001-06-02,Robert Lilligren,skipped,skipped
2001-06-02,Robert Lilligren,skipped,skipped
2001-06-02,Robert Lilligren,skipped,skipped
2001-06-02,Robert Lilligren,skipped,skipped
2001-06-02,Robert Lilligren,skipped,skipped
2001-06-02,Robert Lilligren,skipped,skipped
2001-06-02,Robert Lilligren,skipped,skipped
2001-06-02,Robert Lilligren,skipped,skipped
2001-06-02,Robert Lilligren,skipped,skipped
2001-06-02,Robert Lilligren,skipped,skipped
2001-06-02,Robert Lilligren,skipped,skipped
2001-06-02,Robert Lilligren,skipped,skipped
2001-06-02,Robert Lilligren,skipped,skipped
2001-06-02,Robert Lilligren,skipped,skipped
2001-06-02,Robert Lilligren,skipped,skipped
2001-06-02,Robert Lilligren,skipped,skipped
2001-06-02,Robert Lilligren,skipped,skipped
2001-06-02,Robert Lilligren,skipped,skipped
2001-06-02,Robert Lilligren,skipped,skipped
2001-06-02,Robert Lilligren,skipped,skipped
2001-06-02,Robert Lilligren,skipped,skipped
2001-06-02,Robert Lilligren,skipped,skipped
2001-06-02,Robert Lilligren,skipped,skipped
2001-06-02,Robert Lilligren,skipped,skipped
2001-06-02,Robert Lilligren,skipped,skipped
2001-06-02,Robert Lilligren,skipped,skipped
2001-06-02,Robert Lilligren,skipped,skipped
2001-06-02,Robert Lilligren,skipped,skipped
2001-06-02,Robert Lilligren,skipped,skipped
2001-06-02,Robert Lilligren,skipped,skipped
2001-06-02,Robert Lilligren,skipped,skipped
2001-06-02,Robert Lilligren,skipped,skipped
2001-06-02,Robert Lilligren,skipped,skipped
2001-06-02,Robert Lilligren,skipped,skipped
2001-06-02,Robert Lilligren,skipped,skipped
2001-06-02,Robert Lilligren,skipped,skipped
2001-06-02,Robert Lilligren,skipped,skipped
2001-06-02,Robert Lilligren,skipped,skipped
2001-06-02,Robert Lilligren,skipped,skipped
2001-06-02,Robert Lilligren,skipped,skipped
2001-06-02,Robert Lilligren,skipped,skipped
2001-06-02,Robert Lilligren,skipped,skipped
2001-06-02,Robert Lilligren,skipped,skipped
2001-06-02,Robert Lilligren,skipped,skipped
2001-06-02,Robert Lilligren,skipped,skipped
2001-06-02,Robert Lilligren,skipped,skipped
2001-06-02,Robert Lilligren,skipped,skipped
2001-06-02,Robert Lilligren,skipped,skipped
2001-06-02,Robert Lilligren,skipped,skipped
2001-06-02,Robert Lilligren,skipped,skipped
2001-06-02,Robert Lilligren,skipped,skipped
2001-06-02,Robert Lilligren,skipped,skipped
2001-06-02,Robert Lilligren,skipped,skipped
2001-06-02,Robert Lilligren,skipped,skipped
2001-06-02,Robert Lilligren,skipped,skipped
2001-06-02,Robert Lilligren,skipped,skipped
2001-06-02,Robert Lilligren,skipped,skipped
2001-06-02,Robert Lilligren,skipped,skipped
2001-06-02,Robert Lilligren,skipped,skipped
2001-06-02,Robert Lilligren,skipped,skipped
2001-06-02,Robert Lilligren,skipped,skipped
2001-06-02,Robert Lilligren,skipped,skipped
2001-06-03,Robert Lilligren,skipped,skipped
2001-06-03,Robert Lilligren,skipped,skipped
2001-06-03,Robert Lilligren,skipped,skipped
2001-06-03,Robert Lilligren,skipped,skipped
2001-06-03,Robert Lilligren,skipped,skipped
2001-06-03,Robert Lilligren,skipped,skipped
2001-06-03,Robert Lilligren,skipped,skipped
2001-06-03,Robert Lilligren,skipped,skipped
2001-06-03,Robert Lilligren,skipped,skipped
2001-06-03,Robert Lilligren,skipped,skipped
2001-06-03,Robert Lilligren,skipped,skipped
2001-06-03,Robert Lilligren,skipped,skipped
2001-06-03,Robert Lilligren,skipped,skipped
2001-06-03,Robert Lilligren,skipped,skipped
2001-06-03,Robert Lilligren,skipped,skipped
2001-06-03,Robert Lilligren,skipped,skipped
2001-06-03,Robert Lilligren,skipped,skipped
2001-06-03,Robert Lilligren,skipped,skipped
2001-06-03,Robert Lilligren,skipped,skipped
2001-06-03,Robert Lilligren,skipped,skipped
2001-06-03,Robert Lilligren,skipped,skipped
2001-06-03,Robert Lilligren,skipped,skipped
2001-06-03,Robert Lilligren,skipped,skipped
2001-06-03,Robert Lilligren,skipped,skipped
2001-06-03,Robert Lilligren,skipped,skipped
2001-06-03,Robert Lilligren,skipped,skipped
2001-06-03,Robert Lilligren,skipped,skipped
2001-06-03,Robert Lilligren,skipped,skipped
2001-06-03,Robert Lilligren,skipped,skipped
2001-06-03,Robert Lilligren,skipped,skipped
2001-06-03,Robert Lilligren,skipped,skipped
2001-06-03,Robert Lilligren,skipped,skipped
2001-06-03,Robert Lilligren,skipped,skipped
2001-06-03,Robert Lilligren,skipped,skipped
2001-06-03,Robert Lilligren,skipped,skipped
2001-06-03,Robert Lilligren,skipped,skipped
2001-06-03,Robert Lilligren,skipped,skipped
2001-06-03,Robert Lilligren,skipped,skipped
2001-06-03,Robert Lilligren,skipped,skipped
2001-06-03,Robert Lilligren,skipped,skipped
2001-06-03,Robert Lilligren,skipped,skipped
2001-06-03,Robert Lilligren,skipped,skipped
2001-06-03,Robert Lilligren,skipped,skipped
2001-06-03,Robert Lilligren,skipped,skipped
2001-06-03,Robert Lilligren,skipped,skipped
2001-06-03,Robert Lilligren,skipped,skipped
2001-06-03,Robert Lilligren,skipped,skipped
2001-06-03,Robert Lilligren,skipped,skipped
2001-06-03,Robert Lilligren,skipped,skipped
2001-06-03,Robert Lilligren,skipped,skipped
2001-06-03,Robert Lilligren,skipped,skipped
2001-06-03,Robert Lilligren,skipped,skipped
2001-06-03,Robert Lilligren,skipped,skipped
2001-06-03,Robert Lilligren,skipped,skipped
2001-06-03,Robert Lilligren,skipped,skipped
2001-06-03,Robert Lilligren,skipped,skipped
2001-06-03,Robert Lilligren,skipped,skipped
2001-06-03,Robert Lilligren,skipped,skipped
2001-06-03,Robert Lilligren,skipped,skipped
2001-06-03,Robert Lilligren,skipped,skipped
2001-06-03,Robert Lilligren,skipped,skipped
2001-06-03,Robert Lilligren,skipped,skipped
2001-06-03,Robert Lilligren,skipped,skipped
2001-06-03,Robert Lilligren,skipped,skipped
2001-06-03,Robert Lilligren,skipped,skipped
2001-06-03,Robert Lilligren,skipped,skipped
2001-06-03,Robert Lilligren,skipped,skipped
2001-06-03,Robert Lilligren,skipped,skipped
2001-06-03,Robert Lilligren,skipped,skipped
2001-06-03,Robert Lilligren,skipped,skipped
2001-06-03,Robert Lilligren,skipped,skipped
2001-06-03,Robert Lilligren,skipped,skipped
2001-06-03,Robert Lilligren,skipped,skipped
2001-06-03,Robert Lilligren,skipped,skipped
2001-06-03,Robert Lilligren,skipped,skipped
2001-06-03,Robert Lilligren,skipped,skipped
2001-06-03,Robert Lilligren,skipped,skipped
2001-06-03,Robert Lilligren,skipped,skipped
2001-06-03,Robert Lilligren,skipped,skipped
2001-06-04,Robert Lilligren,skipped,skipped
2001-06-04,Robert Lilligren,skipped,skipped
2001-06-04,Robert Lilligren,skipped,skipped
2001-06-04,Robert Lilligren,skipped,skipped
2001-06-04,Robert Lilligren,skipped,skipped
2001-06-04,Robert Lilligren,skipped,skipped
2001-06-04,Robert Lilligren,skipped,skipped
2001-06-04,Robert Lilligren,skipped,skipped
2001-06-04,Robert Lilligren,skipped,skipped
2001-06-04,Robert Lilligren,skipped,skipped
2001-06-04,Robert Lilligren,skipped,skipped
2001-06-04,Robert Lilligren,skipped,skipped
2001-06-04,Robert Lilligren,skipped,skipped
2001-06-04,Robert Lilligren,skipped,skipped
2001-06-04,Robert Lilligren,skipped,skipped
2001-06-04,Robert Lilligren,skipped,skipped
2001-06-04,Robert Lilligren,skipped,skipped
2001-06-04,Robert Lilligren,skipped,skipped
2001-06-04,Robert Lilligren,skipped,skipped
2001-06-04,Robert Lilligren,skipped,skipped
2001-06-04,Robert Lilligren,skipped,skipped
2001-06-04,Robert Lilligren,skipped,skipped
2001-06-04,Robert Lilligren,skipped,skipped
2001-06-04,Robert Lilligren,skipped,skipped
2001-06-04,Robert Lilligren,skipped,skipped
2001-06-04,Robert Lilligren,skipped,skipped
2001-06-04,Robert Lilligren,skipped,skipped
2001-06-04,Robert Lilligren,skipped,skipped
2001-06-04,Robert Lilligren,skipped,skipped
2001-06-04,Robert Lilligren,skipped,skipped
2001-06-04,Robert Lilligren,skipped,skipped
2001-06-04,Robert Lilligren,skipped,skipped
2001-06-04,Robert Lilligren,skipped,skipped
2001-06-04,Robert Lilligren,skipped,skipped
2001-06-04,Robert Lilligren,skipped,skipped
2001-06-04,Robert Lilligren,skipped,skipped
2001-06-04,Robert Lilligren,skipped,skipped
2001-06-04,Robert Lilligren,skipped,skipped
2001-06-04,Robert Lilligren,skipped,skipped
2001-06-04,Robert Lilligren,skipped,skipped
2001-06-04,Robert Lilligren,skipped,skipped
2001-06-04,Robert Lilligren,skipped,skipped
2001-06-04,Robert Lilligren,skipped,skipped
2001-06-04,Robert Lilligren,skipped,skipped
2001-06-04,Robert Lilligren,skipped,skipped
2001-06-04,Robert Lilligren,skipped,skipped
2001-06-04,Robert Lilligren,skipped,skipped
2001-06-04,Robert Lilligren,skipped,skipped
2001-06-04,Robert Lilligren,skipped,skipped
2001-06-04,Robert Lilligren,skipped,skipped
2001-06-04,Robert Lilligren,skipped,skipped
2001-06-04,Robert Lilligren,skipped,skipped
2001-06-04,Robert Lilligren,skipped,skipped
2001-06-04,Robert Lilligren,skipped,skipped
2001-06-04,Robert Lilligren,skipped,skipped
2001-06-04,Robert Lilligren,skipped,skipped
2001-06-04,Robert Lilligren,skipped,skipped
2001-06-04,Robert Lilligren,skipped,skipped
2001-06-04,Robert Lilligren,skipped,skipped
2001-06-04,Robert Lilligren,skipped,skipped
2001-06-04,Robert Lilligren,skipped,skipped
2001-06-04,Robert Lilligren,skipped,skipped
2001-06-04,Robert Lilligren,skipped,skipped
2001-06-04,Robert Lilligren,skipped,skipped
2001-06-04,Robert Lilligren,skipped,skipped
2001-06-04,Robert Lilligren,skipped,skipped
2001-06-04,Robert Lilligren,skipped,skipped
2001-06-04,Robert Lilligren,skipped,skipped
2001-06-04,Robert Lilligren,skipped,skipped
2001-06-04,Robert Lilligren,skipped,skipped
2001-06-04,Robert Lilligren,skipped,skipped
2001-06-04,Robert Lilligren,skipped,skipped
2001-06-04,Robert Lilligren,skipped,skipped
2001-06-04,Robert Lilligren,skipped,skipped
2001-06-04,Robert Lilligren,skipped,skipped
2001-06-04,Robert Lilligren,skipped,skipped
2001-06-04,Robert Lilligren,skipped,skipped
2001-06-04,Robert Lilligren,skipped,skipped
2001-06-04,Robert Lilligren,skipped,skipped
2001-06-04,Robert Lilligren,skipped,skipped
2001-06-04,Robert Lilligren,skipped,skipped
2001-06-04,Robert Lilligren,skipped,skipped
2001-06-04,Robert Lilligren,skipped,skipped
2001-06-04,Robert Lilligren,skipped,skipped
2001-06-04,Robert Lilligren,skipped,skipped
2001-06-04,Robert Lilligren,skipped,skipped
2001-06-04,Robert Lilligren,skipped,skipped
2001-06-04,Robert Lilligren,skipped,skipped
2001-06-04,Robert Lilligren,skipped,skipped
2001-06-04,Robert Lilligren,skipped,skipped
2001-06-04,Robert Lilligren,skipped,skipped
2001-06-04,Robert Lilligren,skipped,skipped
2001-06-04,Robert Lilligren,skipped,skipped
2001-06-05,Robert Lilligren,skipped,skipped
2001-06-05,Robert Lilligren,skipped,skipped
2001-06-05,Robert Lilligren,skipped,skipped
2001-06-05,Robert Lilligren,skipped,skipped
2001-06-05,Robert Lilligren,skipped,skipped
2001-06-05,Robert Lilligren,skipped,skipped
2001-06-05,Robert Lilligren,skipped,skipped
2001-06-05,Robert Lilligren,skipped,skipped
2001-06-05,Robert Lilligren,skipped,skipped
2001-06-05,Robert Lilligren,skipped,skipped
2001-06-05,Robert Lilligren,skipped,skipped
2001-06-05,Robert Lilligren,skipped,skipped
2001-06-05,Robert Lilligren,skipped,skipped
2001-06-05,Robert Lilligren,skipped,skipped
2001-06-05,Robert Lilligren,skipped,skipped
2001-06-05,Robert Lilligren,skipped,skipped
2001-06-05,Robert Lilligren,skipped,skipped
2001-06-05,Robert Lilligren,skipped,skipped
2001-06-05,Robert Lilligren,skipped,skipped
2001-06-05,Robert Lilligren,skipped,skipped
2001-06-05,Robert Lilligren,skipped,skipped
2001-06-05,Robert Lilligren,skipped,skipped
2001-06-06,Robert Lilligren,skipped,skipped
2001-06-06,Robert Lilligren,skipped,skipped
2001-06-06,Robert Lilligren,skipped,skipped
2001-06-06,Robert Lilligren,skipped,skipped
2001-06-06,Robert Lilligren,skipped,skipped
2001-06-06,Robert Lilligren,skipped,skipped
2001-06-06,Robert Lilligren,skipped,skipped
2001-06-06,Robert Lilligren,skipped,skipped
2001-06-06,Robert Lilligren,skipped,skipped
2001-06-06,Robert Lilligren,skipped,skipped
2001-06-06,Robert Lilligren,skipped,skipped
2001-06-06,Robert Lilligren,skipped,skipped
2001-06-06,Robert Lilligren,skipped,skipped
2001-06-06,Robert Lilligren,skipped,skipped
2001-06-06,Robert Lilligren,skipped,skipped
2001-06-06,Robert Lilligren,skipped,skipped
2001-06-06,Robert Lilligren,skipped,skipped
2001-06-06,Robert Lilligren,skipped,skipped
2001-06-06,Robert Lilligren,skipped,skipped
2001-06-06,Robert Lilligren,skipped,skipped
2001-06-06,Robert Lilligren,skipped,skipped
2001-06-07,Robert Lilligren,skipped,skipped
2001-06-07,Robert Lilligren,skipped,skipped
2001-06-07,Robert Lilligren,skipped,skipped
2001-06-07,Robert Lilligren,skipped,skipped
2001-06-07,Robert Lilligren,skipped,skipped
2001-06-07,Robert Lilligren,skipped,skipped
2001-06-07,Robert Lilligren,skipped,skipped
2001-06-07,Robert Lilligren,skipped,skipped
2001-06-07,Robert Lilligren,skipped,skipped
2001-06-07,Robert Lilligren,skipped,skipped
2001-06-07,Robert Lilligren,skipped,skipped
2001-06-07,Robert Lilligren,skipped,skipped
2001-06-07,Robert Lilligren,skipped,skipped
2001-06-07,Robert Lilligren,skipped,skipped
2001-06-07,Robert Lilligren,skipped,skipped
2001-06-07,Robert Lilligren,skipped,skipped
2001-06-07,Robert Lilligren,skipped,skipped
2001-06-07,Robert Lilligren,skipped,skipped
2001-06-07,Robert Lilligren,skipped,skipped
2001-06-07,Robert Lilligren,skipped,skipped
2001-06-07,Robert Lilligren,skipped,skipped
2001-06-07,Robert Lilligren,skipped,skipped
2001-06-07,Robert Lilligren,skipped,skipped
2001-06-07,Robert Lilligren,skipped,skipped
2001-06-07,Robert Lilligren,skipped,skipped
2001-06-07,Robert Lilligren,skipped,skipped
2001-06-07,Robert Lilligren,skipped,skipped
2001-06-07,Robert Lilligren,skipped,skipped
2001-06-07,Robert Lilligren,skipped,skipped
2001-06-07,Robert Lilligren,skipped,skipped
2001-06-07,Robert Lilligren,skipped,skipped
2001-06-07,Robert Lilligren,skipped,skipped
2001-06-08,Robert Lilligren,skipped,skipped
2001-06-08,Robert Lilligren,skipped,skipped
2001-06-08,Robert Lilligren,skipped,skipped
2001-06-08,Robert Lilligren,skipped,skipped
2001-06-08,Robert Lilligren,skipped,skipped
2001-06-08,Robert Lilligren,skipped,skipped
2001-06-08,Robert Lilligren,skipped,skipped
2001-06-08,Robert Lilligren,skipped,skipped
2001-06-08,Robert Lilligren,skipped,skipped
2001-06-08,Robert Lilligren,skipped,skipped
2001-06-08,Robert Lilligren,skipped,skipped
2001-06-08,Robert Lilligren,skipped,skipped
2001-06-08,Robert Lilligren,skipped,skipped
2001-06-08,Robert Lilligren,skipped,skipped
2001-06-08,Robert Lilligren,skipped,skipped
2001-06-08,Robert Lilligren,skipped,skipped
2001-06-08,Robert Lilligren,skipped,skipped
2001-06-08,Robert Lilligren,skipped,skipped
2001-06-08,Robert Lilligren,skipped,skipped
2001-06-08,Robert Lilligren,skipped,skipped
2001-06-08,Robert Lilligren,skipped,skipped
2001-06-08,Robert Lilligren,skipped,skipped
2001-06-08,Robert Lilligren,skipped,skipped
2001-06-08,Robert Lilligren,skipped,skipped
2001-06-08,Robert Lilligren,skipped,skipped
2001-06-08,Robert Lilligren,skipped,skipped
2001-06-08,Robert Lilligren,skipped,skipped
2001-06-08,Robert Lilligren,skipped,skipped
2001-06-08,Robert Lilligren,skipped,skipped
2001-06-08,Robert Lilligren,skipped,skipped
2001-06-08,Robert Lilligren,skipped,skipped
2001-06-08,Robert Lilligren,skipped,skipped
2001-06-08,Robert Lilligren,skipped,skipped
2001-06-08,Robert Lilligren,skipped,skipped
2001-06-08,Robert Lilligren,skipped,skipped
2001-06-08,Robert Lilligren,skipped,skipped
2001-06-08,Robert Lilligren,skipped,skipped
2001-06-08,Robert Lilligren,skipped,skipped
2001-06-08,Robert Lilligren,skipped,skipped
2001-06-08,Robert Lilligren,skipped,skipped
2001-06-08,Robert Lilligren,skipped,skipped
2001-06-08,Robert Lilligren,skipped,skipped
2001-06-08,Robert Lilligren,skipped,skipped
2001-06-08,Robert Lilligren,skipped,skipped
2001-06-08,Robert Lilligren,skipped,skipped
2001-06-08,Robert Lilligren,skipped,skipped
2001-06-08,Robert Lilligren,skipped,skipped
2001-06-08,Robert Lilligren,skipped,skipped
2001-06-08,Robert Lilligren,skipped,skipped
2001-06-08,Robert Lilligren,skipped,skipped
2001-06-08,Robert Lilligren,skipped,skipped
2001-06-08,Robert Lilligren,skipped,skipped
2001-06-08,Robert Lilligren,skipped,skipped
2001-06-08,Robert Lilligren,skipped,skipped
2001-06-08,Robert Lilligren,skipped,skipped
2001-06-08,Robert Lilligren,skipped,skipped
2001-06-08,Robert Lilligren,skipped,skipped
2001-06-08,Robert Lilligren,skipped,skipped
2001-06-08,Robert Lilligren,skipped,skipped
2001-06-08,Robert Lilligren,skipped,skipped
2001-06-08,Robert Lilligren,skipped,skipped
2001-06-03,Bruce Lundeen,M. Cali,Andy Exley
2001-06-04,Bruce Lundeen,M. Cali,Andy Exley
2001-06-02,Bruce Lundeen,Andy Exley,M. Cali
2001-06-02,Bruce Lundeen,Andy Exley,M. Cali
2001-06-02,Bruce Lundeen,Andy Exley,M. Cali
2001-06-02,Bruce Lundeen,Andy Exley,M. Cali
2001-06-03,Bruce Lundeen,Andy Exley,M. Cali
2001-06-04,Bruce Lundeen,Andy Exley,M. Cali
2001-06-05,Bruce Lundeen,Andy Exley,M. Cali
2001-06-03,Bruce Lundeen,Andy Exley,Laura Jean
2001-06-02,Bruce Lundeen,Andy Exley,Robert Lilligren
2001-06-02,Bruce Lundeen,Andy Exley,Robert Lilligren
2001-06-02,Bruce Lundeen,Andy Exley,Robert Lilligren
2001-06-02,Bruce Lundeen,Andy Exley,Robert Lilligren
2001-06-03,Bruce Lundeen,Andy Exley,Robert Lilligren
2001-06-03,Bruce Lundeen,Andy Exley,Robert Lilligren
2001-06-04,Bruce Lundeen,Andy Exley,Robert Lilligren
2001-06-04,Bruce Lundeen,Andy Exley,Robert Lilligren
2001-06-04,Bruce Lundeen,Andy Exley,Robert Lilligren
2001-06-02,Bruce Lundeen,Andy Exley,Michael Tupper
2001-06-03,Bruce Lundeen,Andy Exley,Michael Tupper
2001-06-04,Bruce Lundeen,Andy Exley,skipped
2001-06-04,Bruce Lundeen,Andy Exley,skipped
2001-06-02,Bruce Lundeen,Laura Jean,Andy Exley
2001-06-02,Bruce Lundeen,Laura Jean,Robert Lilligren
2001-06-03,Bruce Lundeen,Laura Jean,Robert Lilligren
2001-06-04,Bruce Lundeen,Laura Jean,Robert Lilligren
2001-06-02,Bruce Lundeen,Laura Jean,skipped
2001-06-04,Bruce Lundeen,Robert Lilligren,Laura Jean
2001-06-04,Bruce Lundeen,Robert Lilligren,Michael Tupper
2001-06-02,Bruce Lundeen,Robert Lilligren,skipped
2001-06-02,Bruce Lundeen,Robert Lilligren,skipped
2001-06-02,Bruce Lundeen,Robert Lilligren,skipped
2001-06-03,Bruce Lundeen,Robert Lilligren,skipped
2001-06-04,Bruce Lundeen,Robert Lilligren,skipped
2001-06-04,Bruce Lundeen,Robert Lilligren,skipped
2001-06-04,Bruce Lundeen,Robert Lilligren,skipped
2001-06-04,Bruce Lundeen,Robert Lilligren,skipped
2001-06-08,Bruce Lundeen,Robert Lilligren,skipped
2001-06-08,Bruce Lundeen,Robert Lilligren,skipped
2001-06-02,Bruce Lundeen,Michael Tupper,M. Cali
2001-06-04,Bruce Lundeen,Michael Tupper,M. Cali
2001-06-08,Bruce Lundeen,Michael Tupper,M. Cali
2001-06-02,Bruce Lundeen,Michael Tupper,Andy Exley
2001-06-03,Bruce Lundeen,Michael Tupper,Andy Exley
2001-06-03,Bruce Lundeen,Michael Tupper,Andy Exley
2001-06-08,Bruce Lundeen,Michael Tupper,Andy Exley
2001-06-03,Bruce Lundeen,Michael Tupper,Laura Jean
2001-06-04,Bruce Lundeen,Michael Tupper,Laura Jean
2001-06-04,Bruce Lundeen,Michael Tupper,Laura Jean
2001-06-01,Bruce Lundeen,Michael Tupper,writein
2001-06-01,Bruce Lundeen,skipped,skipped
2001-06-02,Bruce Lundeen,skipped,skipped
2001-06-02,Bruce Lundeen,skipped,skipped
2001-06-03,Bruce Lundeen,skipped,skipped
2001-06-03,Bruce Lundeen,skipped,skipped
2001-06-04,Bruce Lundeen,skipped,skipped
2001-06-04,Bruce Lundeen,skipped,skipped
2001-06-04,Bruce Lundeen,skipped,skipped
2001-06-08,Bruce Lundeen,skipped,skipped
2001-06-04,writein,Michael Tupper,Robert Lilligren
2001-06-05,Michael Tupper,M. Cali,Andy Exley
2001-06-06,Michael Tupper,M. Cali,Andy Exley
2001-06-06,Michael Tupper,M. Cali,Andy Exley
2001-06-07,Michael Tupper,M. Cali,Andy Exley
2001-06-08,Michael Tupper,M. Cali,Andy Exley
2001-06-04,Michael Tupper,M. Cali,writein
2001-06-04,Michael Tupper,M. Cali,Laura Jean
2001-06-06,Michael Tupper,M. Cali,Laura Jean
2001-06-02,Michael Tupper,M. Cali,Robert Lilligren
2001-06-01,Michael Tupper,M. Cali,Bruce Lundeen
2001-06-02,Michael Tupper,M. Cali,Bruce Lundeen
2001-06-02,Michael Tupper,M. Cali,Bruce Lundeen
2001-06-02,Michael Tupper,M. Cali,Bruce Lundeen
2001-06-02,Michael Tupper,M. Cali,Bruce Lundeen
2001-06-01,Michael Tupper,M. Cali,skipped
2001-06-01,Michael Tupper,M. Cali,skipped
2001-06-02,Michael Tupper,M. Cali,skipped
2001-06-02,Michael Tupper,writein,writein
2001-06-04,Michael Tupper,writein,writein
2001-06-01,Michael Tupper,Andy Exley,M. Cali
2001-06-01,Michael Tupper,Andy Exley,M. Cali
2001-06-01,Michael Tupper,Andy Exley,M. Cali
2001-06-02,Michael Tupper,Andy Exley,M. Cali
2001-06-02,Michael Tupper,Andy Exley,M. Cali
2001-06-02,Michael Tupper,Andy Exley,M. Cali
2001-06-02,Michael Tupper,Andy Exley,M. Cali
2001-06-02,Michael Tupper,Andy Exley,M. Cali
2001-06-03,Michael Tupper,Andy Exley,M. Cali
2001-06-03,Michael Tupper,Andy Exley,M. Cali
2001-06-03,Michael Tupper,Andy Exley,M. Cali
2001-06-04,Michael Tupper,Andy Exley,M. Cali
2001-06-04,Michael Tupper,Andy Exley,M. Cali
2001-06-04,Michael Tupper,Andy Exley,M. Cali
2001-06-05,Michael Tupper,Andy Exley,M. Cali
2001-06-08,Michael Tupper,Andy Exley,M. Cali
2001-06-08,Michael Tupper,Andy Exley,M. Cali
2001-06-08,Michael Tupper,Andy Exley,M. Cali
2001-06-01,Michael Tupper,Andy Exley,Laura Jean
2001-06-02,Michael Tupper,Andy Exley,Laura Jean
2001-06-02,Michael Tupper,Andy Exley,Laura Jean
2001-06-02,Michael Tupper,Andy Exley,Laura Jean
2001-06-03,Michael Tupper,Andy Exley,Laura Jean
2001-06-04,Michael Tupper,Andy Exley,Laura Jean
2001-06-05,Michael Tupper,Andy Exley,Laura Jean
2001-06-05,Michael Tupper,Andy Exley,Laura Jean
2001-06-06,Michael Tupper,Andy Exley,Laura Jean
2001-06-06,Michael Tupper,Andy Exley,Laura Jean
2001-06-08,Michael Tupper,Andy Exley,Laura Jean
2001-06-08,Michael Tupper,Andy Exley,Laura Jean
2001-06-01,Michael Tupper,Andy Exley,Robert Lilligren
2001-06-02,Michael Tupper,Andy Exley,Robert Lilligren
2001-06-02,Michael Tupper,Andy Exley,Robert Lilligren
2001-06-02,Michael Tupper,Andy Exley,Robert Lilligren
2001-06-04,Michael Tupper,Andy Exley,Robert Lilligren
2001-06-04,Michael Tupper,Andy Exley,Robert Lilligren
2001-06-05,Michael Tupper,Andy Exley,Robert Lilligren
2001-06-07,Michael Tupper,Andy Exley,Robert Lilligren
2001-06-02,Michael Tupper,Andy Exley,Bruce Lundeen
2001-06-02,Michael Tupper,Andy Exley,Bruce Lundeen
2001-06-02,Michael Tupper,Andy Exley,Bruce Lundeen
2001-06-02,Michael Tupper,Andy Exley,Bruce Lundeen
2001-06-04,Michael Tupper,Andy Exley,Bruce Lundeen
2001-06-04,Michael Tupper,Andy Exley,Bruce Lundeen
2001-06-05,Michael Tupper,Andy Exley,Bruce Lundeen
2001-06-06,Michael Tupper,Andy Exley,Bruce Lundeen
2001-06-08,Michael Tupper,Andy Exley,Bruce Lundeen
2001-06-02,Michael Tupper,Andy Exley,skipped
2001-06-02,Michael Tupper,Andy Exley,skipped
2001-06-04,Michael Tupper,Andy Exley,skipped
2001-06-05,Michael Tupper,Andy Exley,skipped
2001-06-05,Michael Tupper,Andy Exley,skipped
2001-06-05,Michael Tupper,Laura Jean,writein
2001-06-02,Michael Tupper,Laura Jean,M. Cali
2001-06-04,Michael Tupper,Laura Jean,M. Cali
2001-06-08,Michael Tupper,Laura Jean,M. Cali
2001-06-02,Michael Tupper,Laura Jean,Andy Exley
2001-06-02,Michael Tupper,Laura Jean,Andy Exley
2001-06-03,Michael Tupper,Laura Jean,Andy Exley
2001-06-03,Michael Tupper,Laura Jean,Andy Exley
2001-06-03,Michael Tupper,Laura Jean,Andy Exley
2001-06-04,Michael Tupper,Laura Jean,Andy Exley
2001-06-05,Michael Tupper,Laura Jean,Andy Exley
2001-06-06,Michael Tupper,Laura Jean,Andy Exley
2001-06-06,Michael Tupper,Laura Jean,Andy Exley
2001-06-08,Michael Tupper,Laura Jean,Andy Exley
2001-06-08,Michael Tupper,Laura Jean,Andy Exley
2001-06-08,Michael Tupper,Laura Jean,Andy Exley
2001-06-06,Michael Tupper,Laura Jean,writein
2001-06-02,Michael Tupper,Laura Jean,Robert Lilligren
2001-06-02,Michael Tupper,Laura Jean,Robert Lilligren
2001-06-02,Michael Tupper,Laura Jean,Robert Lilligren
2001-06-02,Michael Tupper,Laura Jean,Robert Lilligren
2001-06-02,Michael Tupper,Laura Jean,Robert Lilligren
2001-06-04,Michael Tupper,Laura Jean,Robert Lilligren
2001-06-04,Michael Tupper,Laura Jean,Robert Lilligren
2001-06-05,Michael Tupper,Laura Jean,Robert Lilligren
2001-06-08,Michael Tupper,Laura Jean,Robert Lilligren
2001-06-08,Michael Tupper,Laura Jean,Robert Lilligren
2001-06-02,Michael Tupper,Laura Jean,Bruce Lundeen
2001-06-04,Michael Tupper,Laura Jean,Bruce Lundeen
2001-06-05,Michael Tupper,Laura Jean,Bruce Lundeen
2001-06-05,Michael Tupper,Laura Jean,Bruce Lundeen
2001-06-05,Michael Tupper,Laura Jean,Bruce Lundeen
2001-06-05,Michael Tupper,Laura Jean,Bruce Lundeen
2001-06-08,Michael Tupper,Laura Jean,Bruce Lundeen
2001-06-02,Michael Tupper,Laura Jean,skipped
2001-06-02,Michael Tupper,Laura Jean,skipped
2001-06-03,Michael Tupper,Laura Jean,skipped
2001-06-04,Michael Tupper,Laura Jean,skipped
2001-06-05,Michael Tupper,Laura Jean,skipped
2001-06-06,Michael Tupper,Laura Jean,skipped
2001-06-06,Michael Tupper,Laura Jean,skipped
2001-06-08,Michael Tupper,Laura Jean,skipped
2001-06-05,Michael Tupper,writein,skipped
2001-06-05,Michael Tupper,writein,skipped
2001-06-02,Michael Tupper,Robert Lilligren,M. Cali
2001-06-04,Michael Tupper,Robert Lilligren,M. Cali
2001-06-05,Michael Tupper,Robert Lilligren,M. Cali
2001-06-05,Michael Tupper,Robert Lilligren,M. Cali
2001-06-08,Michael Tupper,Robert Lilligren,M. Cali
2001-06-02,Michael Tupper,Robert Lilligren,Andy Exley
2001-06-02,Michael Tupper,Robert Lilligren,Andy Exley
2001-06-02,Michael Tupper,Robert Lilligren,Andy Exley
2001-06-02,Michael Tupper,Robert Lilligren,Andy Exley
2001-06-04,Michael Tupper,Robert Lilligren,Andy Exley
2001-06-07,Michael Tupper,Robert Lilligren,Andy Exley
2001-06-02,Michael Tupper,Robert Lilligren,Laura Jean
2001-06-02,Michael Tupper,Robert Lilligren,Laura Jean
2001-06-02,Michael Tupper,Robert Lilligren,Laura Jean
2001-06-03,Michael Tupper,Robert Lilligren,Laura Jean
2001-06-03,Michael Tupper,Robert Lilligren,Laura Jean
2001-06-03,Michael Tupper,Robert Lilligren,Laura Jean
2001-06-03,Michael Tupper,Robert Lilligren,Laura Jean
2001-06-04,Michael Tupper,Robert Lilligren,Laura Jean
2001-06-04,Michael Tupper,Robert Lilligren,Laura Jean
2001-06-04,Michael Tupper,Robert Lilligren,Laura Jean
2001-06-04,Michael Tupper,Robert Lilligren,Laura Jean
2001-06-04,Michael Tupper,Robert Lilligren,Laura Jean
2001-06-04,Michael Tupper,Robert Lilligren,Laura Jean
2001-06-04,Michael Tupper,Robert Lilligren,Laura Jean
2001-06-05,Michael Tupper,Robert Lilligren,Laura Jean
2001-06-05,Michael Tupper,Robert Lilligren,Laura Jean
2001-06-07,Michael Tupper,Robert Lilligren,Laura Jean
2001-06-07,Michael Tupper,Robert Lilligren,Laura Jean
2001-06-07,Michael Tupper,Robert Lilligren,Laura Jean
2001-06-08,Michael Tupper,Robert Lilligren,Laura Jean
2001-06-08,Michael Tupper,Robert Lilligren,Laura Jean
2001-06-08,Michael Tupper,Robert Lilligren,Laura Jean
2001-06-08,Michael Tupper,Robert Lilligren,Laura Jean
2001-06-02,Michael Tupper,Robert Lilligren,Bruce Lundeen
2001-06-03,Michael Tupper,Robert Lilligren,Bruce Lundeen
2001-06-03,Michael Tupper,Robert Lilligren,Bruce Lundeen
2001-06-03,Michael Tupper,Robert Lilligren,Bruce Lundeen
2001-06-04,Michael Tupper,Robert Lilligren,Bruce Lundeen
2001-06-04,Michael Tupper,Robert Lilligren,Bruce Lundeen
2001-06-05,Michael Tupper,Robert Lilligren,Bruce Lundeen
2001-06-07,Michael Tupper,Robert Lilligren,Bruce Lundeen
2001-06-08,Michael Tupper,Robert Lilligren,Bruce Lundeen
2001-06-01,Michael Tupper,Robert Lilligren,skipped
2001-06-02,Michael Tupper,Robert Lilligren,skipped
2001-06-02,Michael Tupper,Robert Lilligren,skipped
2001-06-02,Michael Tupper,Robert Lilligren,skipped
2001-06-02,Michael Tupper,Robert Lilligren,skipped
2001-06-02,Michael Tupper,Robert Lilligren,skipped
2001-06-02,Michael Tupper,Robert Lilligren,skipped
2001-06-02,Michael Tupper,Robert Lilligren,skipped
2001-06-03,Michael Tupper,Robert Lilligren,skipped
2001-06-03,Michael Tupper,Robert Lilligren,skipped
2001-06-03,Michael Tupper,Robert Lilligren,skipped
2001-06-04,Michael Tupper,Robert Lilligren,skipped
2001-06-04,Michael Tupper,Robert Lilligren,skipped
2001-06-04,Michael Tupper,Robert Lilligren,skipped
2001-06-06,Michael Tupper,Robert Lilligren,skipped
2001-06-06,Michael Tupper,Robert Lilligren,skipped
2001-06-08,Michael Tupper,Robert Lilligren,skipped
2001-06-08,Michael Tupper,Robert Lilligren,skipped
2001-06-08,Michael Tupper,Robert Lilligren,skipped
2001-06-03,Michael Tupper,Bruce Lundeen,M. Cali
2001-06-04,Michael Tupper,Bruce Lundeen,M. Cali
2001-06-04,Michael Tupper,Bruce Lundeen,M. Cali
2001-06-08,Michael Tupper,Bruce Lundeen,M. Cali
2001-06-08,Michael Tupper,Bruce Lundeen,M. Cali
2001-06-02,Michael Tupper,Bruce Lundeen,Andy Exley
2001-06-02,Michael Tupper,Bruce Lundeen,Andy Exley
2001-06-03,Michael Tupper,Bruce Lundeen,Andy Exley
2001-06-04,Michael Tupper,Bruce Lundeen,Andy Exley
2001-06-04,Michael Tupper,Bruce Lundeen,Andy Exley
2001-06-05,Michael Tupper,Bruce Lundeen,Andy Exley
2001-06-05,Michael Tupper,Bruce Lundeen,Andy Exley
2001-06-02,Michael Tupper,Bruce Lundeen,Laura Jean
2001-06-03,Michael Tupper,Bruce Lundeen,Laura Jean
2001-06-03,Michael Tupper,Bruce Lundeen,Laura Jean
2001-06-03,Michael Tupper,Bruce Lundeen,Laura Jean
2001-06-07,Michael Tupper,Bruce Lundeen,Laura Jean
2001-06-04,Michael Tupper,Bruce Lundeen,Robert Lilligren
2001-06-05,Michael Tupper,Bruce Lundeen,Robert Lilligren
2001-06-08,Michael Tupper,Bruce Lundeen,Robert Lilligren
2001-06-08,Michael Tupper,Bruce Lundeen,Robert Lilligren
2001-06-05,Michael Tupper,Bruce Lundeen,writein
2001-06-01,Michael Tupper,Bruce Lundeen,writein
2001-06-03,Michael Tupper,Bruce Lundeen,skipped
2001-06-03,Michael Tupper,Bruce Lundeen,skipped
2001-06-04,Michael Tupper,Bruce Lundeen,skipped
2001-06-04,Michael Tupper,Bruce Lundeen,skipped
2001-06-04,Michael Tupper,writein,skipped
2001-06-01,Michael Tupper,skipped,skipped
2001-06-01,Michael Tupper,skipped,skipped
2001-06-01,Michael Tupper,skipped,skipped
2001-06-01,Michael Tupper,skipped,skipped
2001-06-01,Michael Tupper,skipped,skipped
2001-06-01,Michael Tupper,skipped,skipped
2001-06-02,Michael Tupper,skipped,skipped
2001-06-02,Michael Tupper,skipped,skipped
2001-06-02,Michael Tupper,skipped,skipped
2001-06-02,Michael Tupper,skipped,skipped
2001-06-02,Michael Tupper,skipped,skipped
2001-06-02,Michael Tupper,skipped,skipped
2001-06-02,Michael Tupper,skipped,skipped
2001-06-02,Michael Tupper,skipped,skipped
2001-06-02,Michael Tupper,skipped,skipped
2001-06-02,Michael Tupper,skipped,skipped
2001-06-02,Michael Tupper,skipped,skipped
2001-06-02,Michael Tupper,skipped,skipped
2001-06-02,Michael Tupper,skipped,skipped
2001-06-02,Michael Tupper,skipped,skipped
2001-06-02,Michael Tupper,skipped,skipped
2001-06-02,Michael Tupper,skipped,skipped
2001-06-02,Michael Tupper,skipped,skipped
2001-06-02,Michael Tupper,skipped,skipped
2001-06-02,Michael Tupper,skipped,skipped
2001-06-02,Michael Tupper,skipped,skipped
2001-06-02,Michael Tupper,skipped,skipped
2001-06-02,Michael Tupper,skipped,skipped
2001-06-02,Michael Tupper,skipped,skipped
2001-06-02,Michael Tupper,skipped,skipped
2001-06-02,Michael Tupper,skipped,skipped
2001-06-02,Michael Tupper,skipped,skipped
2001-06-03,Michael Tupper,skipped,skipped
2001-06-03,Michael Tupper,skipped,skipped
2001-06-03,Michael Tupper,skipped,skipped
2001-06-03,Michael Tupper,skipped,skipped
2001-06-03,Michael Tupper,skipped,skipped
2001-06-03,Michael Tupper,skipped,skipped
2001-06-03,Michael Tupper,skipped,skipped
2001-06-03,Michael Tupper,skipped,skipped
2001-06-03,Michael Tupper,skipped,skipped
2001-06-03,Michael Tupper,skipped,skipped
2001-06-03,Michael Tupper,skipped,skipped
2001-06-03,Michael Tupper,skipped,skipped
2001-06-04,Michael Tupper,skipped,skipped
2001-06-04,Michael Tupper,skipped,skipped
2001-06-04,Michael Tupper,skipped,skipped
2001-06-04,Michael Tupper,skipped,skipped
2001-06-04,Michael Tupper,skipped,skipped
2001-06-04,Michael Tupper,skipped,skipped
2001-06-04,Michael Tupper,skipped,skipped
2001-06-04,Michael Tupper,skipped,skipped
2001-06-04,Michael Tupper,skipped,skipped
2001-06-04,Michael Tupper,skipped,skipped
2001-06-04,Michael Tupper,skipped,skipped
2001-06-04,Michael Tupper,skipped,skipped
2001-06-04,Michael Tupper,skipped,skipped
2001-06-04,Michael Tupper,skipped,skipped
2001-06-05,Michael Tupper,skipped,skipped
2001-06-05,Michael Tupper,skipped,skipped
2001-06-05,Michael Tupper,skipped,skipped
2001-06-05,Michael Tupper,skipped,skipped
2001-06-05,Michael Tupper,skipped,skipped
2001-06-05,Michael Tupper,skipped,skipped
2001-06-05,Michael Tupper,skipped,skipped
2001-06-05,Michael Tupper,skipped,skipped
2001-06-05,Michael Tupper,skipped,skipped
2001-06-05,Michael Tupper,skipped,skipped
2001-06-05,Michael Tupper,skipped,skipped
2001-06-05,Michael Tupper,skipped,skipped
2001-06-05,Michael Tupper,skipped,skipped
2001-06-05,Michael Tupper,skipped,skipped
2001-06-05,Michael Tupper,skipped,skipped
2001-06-05,Michael Tupper,skipped,skipped
2001-06-06,Michael Tupper,skipped,skipped
2001-06-06,Michael Tupper,skipped,skipped
2001-06-06,Michael Tupper,skipped,skipped
2001-06-06,Michael Tupper,skipped,skipped
2001-06-08,Michael Tupper,skipped,skipped
2001-06-08,Michael Tupper,skipped,skipped
2001-06-08,Michael Tupper,skipped,skipped
2001-06-08,Michael Tupper,skipped,skipped
2001-06-08,Michael Tupper,skipped,skipped
2001-06-08,Michael Tupper,skipped,skipped
2001-06-08,Michael Tupper,skipped,skipped
2001-06-08,Michael Tupper,skipped,skipped
2001-06-08,Michael Tupper,skipped,skipped
2001-06-01,skipped,skipped,skipped
2001-06-01,skipped,skipped,skipped
2001-06-01,skipped,skipped,skipped
2001-06-02,skipped,skipped,skipped
2001-06-02,skipped,skipped,skipped
2001-06-02,skipped,skipped,skipped
2001-06-02,skipped,skipped,skipped
2001-06-02,skipped,skipped,skipped
2001-06-02,skipped,skipped,skipped
2001-06-02,skipped,skipped,skipped
2001-06-03,skipped,skipped,skipped
2001-06-03,skipped,skipped,skipped
2001-06-03,skipped,skipped,skipped
2001-06-03,skipped,skipped,skipped
2001-06-03,skipped,skipped,skipped
2001-06-03,skipped,skipped,skipped
2001-06-03,skipped,skipped,skipped
2001-06-03,skipped,skipped,skipped
2001-06-03,skipped,skipped,skipped
2001-06-03,skipped,skipped,skipped
2001-06-04,skipped,skipped,skipped
2001-06-04,skipped,skipped,skipped
2001-06-04,skipped,skipped,skipped
2001-06-04,skipped,skipped,skipped
2001-06-04,skipped,skipped,skipped
2001-06-04,skipped,skipped,skipped
2001-06-04,skipped,skipped,skipped
2001-06-04,skipped,skipped,skipped
2001-06-04,skipped,skipped,skipped
2001-06-05,skipped,skipped,skipped
2001-06-05,skipped,skipped,skipped
2001-06-05,skipped,skipped,skipped
2001-06-05,skipped,skipped,skipped
2001-06-06,skipped,skipped,skipped
2001-06-06,skipped,skipped,skipped
2001-06-07,skipped,skipped,skipped
2001-06-07,skipped,skipped,skipped
2001-06-07,skipped,skipped,skipped
2001-06-07,skipped,skipped,skipped
2001-06-07,skipped,skipped,skipped
2001-06-07,skipped,skipped,skipped
2001-06-07,skipped,skipped,skipped
2001-06-07,skipped,skipped,skipped
2001-06-07,skipped,skipped,skipped
2001-06-07,skipped,skipped,skipped
2001-06-08,skipped,skipped,skipped
2001-06-08,skipped,skipped,skipped
2001-06-08,skipped,skipped,skipped
2001-06-08,skipped,skipped,skipped
2001-06-08,skipped,skipped,skipped
2001-06-08,skipped,skipped,skipped
2001-06-08,skipped,skipped,skipped
